4.88152899824253,0.14500878734622144,-0.3485413005272408,0.019507908611599296,7.9852196836555365,0.006274165202108963,-0.1550615114235501,0.008066783831282951,10.143198594024604,-0.32400702987697716,-0.07964850615114236,-0.07578207381370826,1.8366080843585237,-0.03063268892794376,-0.003321616871704745,-0.005043936731107205,10.161072056239016,-0.3026362038664323,0.07996485061511424,0.027680140597539545,7.178207381370826,-0.16695957820738136,0.1282952548330404,0.029876977152899824,5.652337434094903,0.10980667838312828,0.054516695957820736,-0.12140597539543058,5.650404217926186,0.08467486818980668,0.020492091388400704,-0.04407732864674868,6.464411247803163,0.13532513181019332,0.0017135325131810192,-0.003075571177504394,7.757082601054481,0.14467486818980665,-0.12031634446397187,0.042073813708260105,10.521546572934975,-0.11149384885764499,0.08042179261862917,0.20379613356766255,4.529525483304043,-0.10400702987697716,-0.0978207381370826,-0.04987697715289983,5.763181019332161,-0.195079086115993,-0.07381370826010544,-0.04525483304042179,1.0646748681898066,0.0062390158172231985,-0.00852372583479789,0.036291739894551846,7.005588752196836,-0.05374340949033392,0.089701230228471,0.0003866432337434095,3.5438137082601058,0.05506151142355009,0.03975395430579965,0.02536028119507909,14.69525483304042,0.24295254833040422,0.2125834797891037,-0.2901933216168717,4.876133567662566,0.11884007029876978,0.05351493848857645,0.03100175746924429,8.187170474516696,0.22390158172231986,0.06950790861159929,0.14516695957820738,4.3963444639718805,0.033954305799648504,-0.07713532513181019,-0.051669595782073814
10.5665756302521,0.3138865546218487,-0.754453781512605,0.04222689075630252,16.096092436974793,0.012647058823529412,-0.31256302521008406,0.01626050420168067,23.974348739495795,-0.7658193277310925,-0.1882563025210084,-0.17911764705882355,5.331785714285714,-0.08892857142857144,-0.009642857142857142,-0.014642857142857141,24.63968487394958,-0.7338655462184874,0.1939075630252101,0.0671218487394958,12.441974789915967,-0.28939075630252103,0.22237394957983192,0.05178571428571428,15.663214285714284,0.30428571428571427,0.15107142857142855,-0.33642857142857147,10.745588235294116,0.16102941176470587,0.03897058823529412,-0.0838235294117647,17.30941176470588,0.3623529411764706,0.004588235294117647,-0.00823529411764706,17.22063025210084,0.3211764705882353,-0.2671008403361344,0.0934033613445378,20.55892857142857,-0.21785714285714286,0.15714285714285714,0.39821428571428574,11.56733193277311,-0.26560924369747896,-0.2498109243697479,-0.12737394957983195,11.573823529411763,-0.39176470588235296,-0.14823529411764708,-0.09088235294117647,2.545378151260504,0.014915966386554621,-0.0203781512605042,0.08676470588235294,16.368004201680673,-0.1255672268907563,0.2095798319327731,0.0009033613445378151,9.124117647058823,0.14176470588235296,0.10235294117647059,0.06529411764705882,24.885714285714283,0.4114285714285714,0.36000000000000004,-0.4914285714285714,9.992268907563025,0.24352941176470588,0.10966386554621847,0.06352941176470588,19.014285714285712,0.52,0.1614285714285714,0.33714285714285713,10.260336134453782,0.0792436974789916,-0.18002100840336133,-0.12058823529411765
12.439177288528388,0.369513325608343,-0.8881575898030127,0.04971031286210892,14.865538818076478,0.011680185399768252,-0.28866743916570103,0.015017381228273464,30.094623406720736,-0.9613209733487834,-0.2363151796060255,-0.2248435689455388,4.497728852838934,-0.07501738122827348,-0.00813441483198146,-0.01235225955967555,16.461575898030127,-0.49028968713789106,0.1295480880648899,0.04484356894553882,9.938864426419467,-0.23117033603707995,0.17763615295480878,0.04136732329084588,11.519026651216686,0.22377752027809966,0.11110081112398609,-0.2474159907300116,14.055179606025492,0.2106257242178447,0.050973348783314026,-0.10964078794901505,16.02574739281576,0.3354808806488992,0.004247972190034762,-0.007624565469293165,17.53529548088065,0.327045191193511,-0.2719814600231749,0.0951100811123986,24.28002317497103,-0.2572885283893395,0.18558516801853997,0.4702896871378911,12.624507531865586,-0.2898841251448436,-0.27264194669756664,-0.13901506373117034,9.575561993047508,-0.32412514484356897,-0.12264194669756662,-0.07519119351100811,8.142850521436849,0.04771726535341831,-0.0651911935110081,0.27756662804171495,11.54745075318656,-0.08858632676709152,0.147856315179606,0.0006373117033603708,9.166407879490151,0.14242178447276943,0.10282734646581691,0.06559675550405562,25.23174971031286,0.4171494785631518,0.3650057937427578,-0.4982618771726535,8.726349942062573,0.21267670915411357,0.09577056778679026,0.05548088064889918,17.273696407879488,0.4723986095017381,0.14665121668597914,0.30628041714947857,11.594530706836617,0.08954808806488992,-0.20342989571263037,-0.13626882966396292
19.98200244200244,0.5935775335775335,-1.4267155067155068,0.07985347985347985,20.77678876678877,0.016324786324786327,-0.40345543345543344,0.020989010989010987,41.16079365079364,-1.314810744810745,-0.3232112332112332,-0.3075213675213675,7.29133089133089,-0.12161172161172162,-0.013186813186813189,-0.020024420024420023,24.001965811965814,-0.7148717948717949,0.1888888888888889,0.06538461538461539,12.218290598290599,-0.2841880341880342,0.21837606837606838,0.050854700854700854,19.99179487179487,0.38837606837606836,0.1928205128205128,-0.4294017094017094,20.877142857142854,0.3128571428571429,0.07571428571428572,-0.16285714285714284,25.50971916971917,0.5340170940170941,0.006761904761904762,-0.012136752136752138,25.534688644688643,0.47623931623931626,-0.39605616605616606,0.13849816849816848,32.894285714285715,-0.3485714285714286,0.2514285714285714,0.6371428571428572,20.74084249084249,-0.4762515262515263,-0.4479242979242979,-0.2283882783882784,16.656507936507936,-0.5638095238095239,-0.21333333333333332,-0.1307936507936508,15.08952380952381,0.08842490842490842,-0.12080586080586081,0.5143589743589744,19.026056166056165,-0.14595848595848596,0.2436141636141636,0.00105006105006105,13.257264957264958,0.205982905982906,0.14871794871794872,0.09487179487179488,36.15873015873015,0.5978021978021978,0.523076923076923,-0.714041514041514,16.93846153846154,0.41282051282051285,0.1858974358974359,0.1076923076923077,24.377289377289376,0.6666666666666666,0.20695970695970692,0.43223443223443225,17.017142857142858,0.13142857142857142,-0.29857142857142854,-0.19999999999999998
13.546223083548664,0.4023987941429802,-0.9672006890611542,0.0541343669250646,15.922631352282515,0.012510766580534025,-0.30919465977605515,0.01608527131782946,30.33518087855297,-0.9690051679586564,-0.23820413436692506,-0.22664082687338502,4.243385012919896,-0.07077519379844961,-0.007674418604651163,-0.01165374677002584,14.797381567614124,-0.4407235142118863,0.11645133505598623,0.04031007751937985,6.244453057708872,-0.1452411714039621,0.11160637381567613,0.02599052540913006,8.877170542635659,0.1724547803617571,0.0856201550387597,-0.190671834625323,16.237777777777776,0.24333333333333332,0.05888888888888889,-0.12666666666666665,18.312045650301464,0.38334194659776055,0.004854005167958656,-0.008712316968130922,16.4287984496124,0.30640826873385013,-0.2548191214470284,0.08910852713178294,20.626218776916453,-0.21857019810508183,0.15765719207579673,0.39951765719207577,17.15374677002584,-0.3938845822566753,-0.3704565030146425,-0.1888888888888889,8.925434969853573,-0.30211886304909563,-0.11431524547803618,-0.07008613264427219,5.948423772609819,0.0348578811369509,-0.047622739018087855,0.20276485788113696,9.98807924203273,-0.07662360034453057,0.1278897502153316,0.0005512489233419466,9.151623600344532,0.14219207579672696,0.10266149870801033,0.06549095607235143,23.7068044788975,0.391937984496124,0.34294573643410853,-0.46814814814814815,8.705581395348837,0.21217054263565893,0.09554263565891473,0.055348837209302316,14.90353143841516,0.40757967269595174,0.12652885443583117,0.2642549526270457,13.338156761412575,0.10301464254952628,-0.23402239448751075,-0.15676141257536608
36.03073473282443,1.0703148854961833,-2.5725954198473286,0.1439885496183206,41.56966603053435,0.03266221374045802,-0.8072232824427481,0.041994274809160306,79.85349236641221,-2.550782442748092,-0.6270419847328245,-0.5966030534351145,12.393349236641221,-0.20670801526717558,-0.022414122137404582,-0.03403625954198473,40.82462786259542,-1.215916030534351,0.3212786259541985,0.1112118320610687,15.784179389312976,-0.36712786259541985,0.2821087786259542,0.06569656488549618,26.78290076335878,0.5203053435114503,0.2583206106870229,-0.575267175572519,43.367881679389306,0.6498950381679389,0.15728053435114506,-0.3383015267175572,47.87340648854962,1.002175572519084,0.012689885496183205,-0.02277671755725191,43.72064885496183,0.8154198473282442,-0.6781297709923664,0.23713740458015264,51.852442748091605,-0.5494656488549619,0.39633587786259544,1.004351145038168,46.16693702290077,-1.0600858778625954,-0.9970324427480914,-0.508368320610687,26.90987595419847,-0.91087786259542,-0.34465648854961833,-0.21130725190839697,15.3762213740458,0.09010496183206106,-0.12310114503816794,0.5241316793893129,28.527051526717557,-0.21884541984732825,0.36526717557251903,0.0015744274809160307,22.496870229007634,0.3495419847328245,0.25236641221374045,0.16099236641221376,61.16946564885496,1.011297709923664,0.8848854961832061,-1.20793893129771,25.591946564885497,0.6237213740458016,0.280868320610687,0.16270992366412212,41.911259541984734,1.1461832061068702,0.35582061068702286,0.7431297709923663,35.122213740458015,0.27125954198473284,-0.6162309160305343,-0.4127862595419847
53.44450507614213,1.5876015228426397,-3.8159390862944162,0.21357868020304566,59.8078807106599,0.04699238578680203,-1.1613832487309643,0.060418781725888326,117.02095177664974,-3.738032994923858,-0.9188959390862944,-0.8742893401015228,19.513794416243652,-0.32546954314720816,-0.03529187817258884,-0.05359137055837563,59.11621827411168,-1.7607106598984772,0.4652284263959391,0.16104060913705584,23.065456852791876,-0.5364847715736041,0.412246192893401,0.09600253807106598,43.968312182741116,0.8541624365482232,0.42407360406091366,-0.9443908629441625,63.240786802030456,0.9477030456852792,0.22935279187817262,-0.4933248730964466,73.37828680203046,1.5360913705583756,0.019450507614213196,-0.034911167512690355,66.54810913705585,1.2411675126903552,-1.0321954314720811,0.36095177664974615,74.65917512690355,-0.7911421319796954,0.5706598984771574,1.4461040609137055,69.13039340101523,-1.5873730964467003,-1.492956852791878,-0.7612309644670051,41.281928934010146,-1.3973604060913707,-0.5287309644670051,-0.32416243654822335,29.059949238578678,0.17029187817258884,-0.23265228426395937,0.9905710659898477,43.9178807106599,-0.33691624365482237,0.5623350253807106,0.0024238578680203047,31.888096446700512,0.4954568527918782,0.35771573604060913,0.22819796954314722,89.75279187817259,1.4838578680203045,1.2983756345177666,-1.7723857868020303,39.736598984771575,0.9684517766497464,0.43610406091370557,0.25263959390862945,64.86091370558376,1.7738071065989847,0.5506598984771574,1.1500507614213198,53.66446700507614,0.41446700507614215,-0.9415609137055837,-0.6307106598984771
79.19756013745703,2.352611683848797,-5.65470790378007,0.31649484536082473,87.5592439862543,0.06879725085910654,-1.700274914089347,0.08845360824742267,168.3573711340206,-5.3778865979381445,-1.3220103092783504,-1.2578350515463916,30.26841924398625,-0.5048453608247424,-0.05474226804123712,-0.08312714776632302,90.5422852233677,-2.696701030927835,0.7125429553264605,0.2466494845360825,35.79113402061856,-0.8324742268041238,0.6396907216494846,0.14896907216494845,67.5689175257732,1.3126460481099655,0.6517010309278349,-1.4513058419243987,90.39587628865978,1.3546391752577318,0.32783505154639175,-0.7051546391752577,108.95709621993127,2.280893470790378,0.028881443298969075,-0.0518384879725086,95.33938144329898,1.778144329896907,-1.478762886597938,0.5171134020618556,110.1845532646048,-1.167594501718213,0.8421993127147767,2.134209621993127,99.83917525773197,-2.292508591065292,-2.1561512027491405,-1.099381443298969,61.07743986254295,-2.067422680412371,-0.7822680412371134,-0.47960481099656355,40.59484536082474,0.23788659793814432,-0.325,1.3837628865979381,67.2457731958763,-0.5158762886597937,0.8610309278350514,0.0037113402061855674,46.37309278350516,0.7205154639175259,0.5202061855670103,0.3318556701030928,132.89484536082472,2.1971134020618557,1.922474226804124,-2.6243298969072164,58.56865979381443,1.4274226804123713,0.6427835051546391,0.37237113402061855,94.90807560137458,2.59553264604811,0.8057560137457044,1.6828178694158076,77.98061855670103,0.6022680412371134,-1.3681958762886597,-0.9164948453608247
76.52875934230194,2.273333333333333,-5.4641554559043355,0.305829596412556,81.89887892376682,0.06434977578475337,-1.590358744394619,0.08273542600896862,157.83535127055305,-5.041778774289986,-1.2393871449925262,-1.1792227204783259,29.902630792227207,-0.49874439461883413,-0.05408071748878924,-0.08212257100149477,87.16303437967115,-2.5960538116591927,0.685949177877429,0.2374439461883408,36.936651718983555,-0.859118086696562,0.6601644245142002,0.15373692077727952,63.589372197309416,1.235336322869955,0.6133183856502242,-1.365829596412556,84.5383856502242,1.2668609865470852,0.3065919282511211,-0.6594618834080717,103.14494768310912,2.1592227204783256,0.027340807174887894,-0.049073243647234685,86.86811659192826,1.620149476831091,-1.3473692077727952,0.47116591928251117,107.55792227204783,-1.139760837070254,0.8221225710014948,2.0833333333333335,94.03520179372198,-2.159237668161435,-2.0308071748878924,-1.0354708520179372,56.27173393124065,-1.9047533632287,-0.7207174887892376,-0.4418684603886398,36.402331838565026,0.21331838565022418,-0.2914349775784753,1.2408520179372198,65.54257100149476,-0.5028101644245142,0.8392227204783258,0.003617339312406577,44.51587443946189,0.6916591928251121,0.499372197309417,0.3185650224215247,130.19431988041853,2.1524663677130045,1.883408071748879,-2.571001494768311,54.90188340807175,1.3380568011958147,0.60254110612855,0.3490582959641255,90.72286995515695,2.4810762331838565,0.7702242152466368,1.6086098654708518,72.64717488789238,0.5610762331838566,-1.2746188340807174,-0.853811659192825
90.40555189456343,2.6855518945634267,-6.454958813838551,0.36128500823723225,93.93344316309721,0.07380560131795717,-1.8240527182866557,0.09489291598023063,182.38464579901154,-5.8259637561779245,-1.4321581548599671,-1.3626359143327842,36.6461449752883,-0.6112191103789127,-0.06627677100494235,-0.10064250411861614,105.8631136738056,-3.1530148270181217,0.8331136738056014,0.28838550247116973,46.09248764415156,-1.0720757825370675,0.8238056013179572,0.19184514003294895,79.47726523887974,1.543986820428336,0.7665568369028006,-1.7070840197693575,97.98843492586491,1.4684184514003293,0.3553706754530478,-0.7643822075782536,119.49767710049423,2.5015485996705107,0.03167545304777595,-0.05685337726523889,100.24235584843493,1.8695881383855024,-1.5548105436573312,0.5437067545304777,129.16561779242176,-1.3687314662273475,0.9872817133443162,2.5018616144975288,110.58805601317957,-2.539324546952224,-2.38828665568369,-1.2177429983525536,69.79886326194398,-2.362635914332784,-0.8939703459637561,-0.5480889621087315,41.717364085667214,0.2444645799011532,-0.33398682042833605,1.4220263591433278,80.2967215815486,-0.6159967051070839,1.028138385502471,0.00443163097199341,53.66243822075783,0.8337726523887974,0.6019769357495881,0.38401976935749593,152.963097199341,2.5288962108731465,2.2127841845140033,-3.020626029654036,65.95116968698517,1.6073476112026361,0.7238056013179571,0.4193080724876441,108.97973640856672,2.980362438220758,0.9252224052718285,1.9323228995057657,87.52474464579902,0.6759802306425041,-1.5356507413509062,-1.028665568369028
146.4827435897436,4.351358974358974,-10.458871794871795,0.5853846153846154,155.33641025641026,0.12205128205128206,-3.0164102564102566,0.15692307692307692,299.33666666666664,-9.561794871794874,-2.3505128205128205,-2.2364102564102564,58.95041025641026,-0.9832307692307694,-0.10661538461538463,-0.16189743589743588,171.96702564102563,-5.121846153846154,1.3533333333333335,0.4684615384615385,78.02251282051282,-1.8147435897435897,1.3944871794871796,0.32474358974358974,127.44769230769231,2.4758974358974357,1.2292307692307691,-2.7374358974358977,155.5079487179487,2.3303846153846153,0.563974358974359,-1.213076923076923,191.6462564102564,4.011897435897436,0.050800000000000005,-0.09117948717948718,161.40746153846155,3.0103589743589745,-2.50351282051282,0.8754615384615383,210.18605128205127,-2.2272820512820513,1.6065641025641026,4.071179487179487,179.93038461538464,-4.131564102564102,-3.885820512820512,-1.9813076923076924,111.32633333333332,-3.7683076923076926,-1.4258461538461538,-0.8741794871794872,68.34666666666666,0.4005128205128205,-0.5471794871794872,2.3297435897435896,131.0143076923077,-1.005076923076923,1.6775384615384616,0.007230769230769231,89.88425641025641,1.3965641025641027,1.0083076923076923,0.6432307692307693,256.38666666666666,4.238769230769231,3.7089230769230768,-5.062974358974359,105.01846153846155,2.5594871794871796,1.1525641025641025,0.6676923076923076,174.39512820512817,4.769333333333333,1.4805897435897435,3.092205128205128,142.33312820512822,1.0992820512820514,-2.4972820512820513,-1.6728205128205127
94.73950387596899,2.814294573643411,-6.764403100775194,0.3786046511627907,100.96866666666666,0.07933333333333334,-1.9606666666666666,0.102,190.14565891472864,-6.073875968992249,-1.4931007751937986,-1.4206201550387596,37.95900775193798,-0.6331162790697674,-0.06865116279069768,-0.10424806201550386,111.91942635658914,-3.3333953488372092,0.8807751937984496,0.3048837209302326,52.558945736434104,-1.2224806201550387,0.9393798449612403,0.2187596899224806,84.76753488372093,1.6467596899224803,0.8175813953488371,-1.8207131782945738,99.91897674418603,1.4973488372093022,0.36237209302325585,-0.7794418604651162,123.86293023255813,2.59293023255814,0.03283255813953488,-0.05893023255813954,102.1572558139535,1.9053023255813955,-1.5845116279069766,0.5540930232558139,138.691488372093,-1.469674418604651,1.060093023255814,2.6863720930232557,115.69697674418605,-2.6566356589147286,-2.4986201550387594,-1.274,72.80443410852712,-2.464372093023256,-0.9324651162790697,-0.5716899224806201,42.8286511627907,0.2509767441860465,-0.34288372093023256,1.4599069767441861,87.36448062015504,-0.6702170542635658,1.1186356589147286,0.004821705426356589,58.436790697674425,0.907953488372093,0.6555348837209303,0.41818604651162794,168.7984496124031,2.7906976744186047,2.441860465116279,-3.3333333333333335,67.39144186046512,1.642449612403101,0.7396124031007753,0.4284651162790698,112.25798449612402,3.070015503875969,0.9530542635658913,1.9904496124031006,91.23299224806202,0.7046201550387597,-1.6007131782945736,-1.0722480620155037
203.7965901639344,6.053901639344263,-14.551081967213115,0.8144262295081967,217.90537704918032,0.17121311475409837,-4.231409836065573,0.22013114754098362,420.60413114754095,-13.435475409836068,-3.302754098360656,-3.1424262295081964,88.10557377049179,-1.4695081967213117,-0.15934426229508197,-0.24196721311475408,244.80616393442625,-7.29127868852459,1.9265573770491804,0.6668852459016393,117.84498360655738,-2.740983606557377,2.106229508196721,0.4904918032786885,184.05560655737705,3.575606557377049,1.7752131147540982,-3.953311475409836,216.57468852459016,3.2455081967213113,0.7854426229508197,-1.6894426229508195,271.10511475409834,5.675278688524591,0.07186229508196722,-0.12898360655737706,222.5840655737705,4.1513442622950825,-3.452393442622951,1.20727868852459,297.0731475409836,-3.148,2.270688524590164,5.754131147540984,253.88901639344266,-5.829803278688524,-5.4830491803278685,-2.795704918032787,159.12426229508196,-5.386229508196722,-2.038032786885246,-1.2495081967213115,96.13350819672131,0.5633442622950819,-0.769639344262295,3.276918032786885,192.47724590163935,-1.476590163934426,2.464524590163934,0.010622950819672131,126.63078688524593,1.9675081967213115,1.4205245901639343,0.9061967213114756,365.5344262295082,6.043278688524589,5.287868852459016,-7.218360655737705,146.84813114754098,3.578950819672132,1.6116393442622952,0.933639344262295,242.1983606557377,6.623606557377049,2.0562295081967212,4.294426229508197,199.96537704918035,1.5443934426229509,-3.5084590163934424,-2.3501639344262295
583.1826851851852,17.323796296296297,-41.63925925925926,2.3305555555555553,621.1552777777778,0.48805555555555563,-12.061944444444444,0.6275,1208.4643518518517,-38.60231481481482,-9.489351851851852,-9.028703703703703,251.58129629629627,-4.196111111111112,-0.455,-0.6909259259259258,695.9393518518518,-20.727777777777778,5.476851851851852,1.8958333333333333,336.58481481481476,-7.828703703703703,6.01574074074074,1.4009259259259257,523.8475,10.176666666666666,5.052499999999999,-11.251666666666667,618.3887037037036,9.266944444444444,2.2426851851851852,-4.823888888888888,776.5194444444444,16.255555555555556,0.20583333333333334,-0.3694444444444445,637.3513888888889,11.887037037037036,-9.885648148148148,3.456944444444444,853.8808333333333,-9.048333333333334,6.526666666666666,16.539166666666667,721.3402777777778,-16.563425925925927,-15.578240740740739,-7.9430555555555555,450.59324074074067,-15.252222222222224,-5.771111111111111,-3.538240740740741,274.85370370370373,1.610648148148148,-2.200462962962963,9.368981481481482,548.6030555555556,-4.208611111111111,7.024444444444445,0.03027777777777778,361.92333333333335,5.623333333333334,4.0600000000000005,2.5900000000000003,1037.135185185185,17.146666666666665,15.003333333333332,-20.480740740740742,418.38,10.196666666666667,4.591666666666667,2.6599999999999997,688.9157407407407,18.84037037037037,5.848796296296296,12.215185185185184,568.025925925926,4.387037037037037,-9.966203703703703,-6.675925925925926
784.0644444444443,23.29111111111111,-55.98222222222223,3.1333333333333333,833.7064197530864,0.6550617283950617,-16.18938271604938,0.8422222222222222,1630.718395061728,-52.09049382716051,-12.805061728395062,-12.183456790123458,339.12790123456784,-5.656296296296297,-0.6133333333333334,-0.931358024691358,931.997901234568,-27.758518518518517,7.334567901234569,2.5388888888888888,451.300987654321,-10.496913580246913,8.06604938271605,1.878395061728395,702.072962962963,13.639012345679012,6.771481481481482,-15.079753086419753,833.5392592592592,12.491111111111111,3.0229629629629633,-6.502222222222222,1044.4413580246915,21.864197530864196,0.27685185185185185,-0.4969135802469137,854.9914814814814,15.946172839506172,-13.261358024691356,4.637407407407407,1148.4572839506172,-12.169876543209876,8.77827160493827,22.244938271604937,969.0185185185185,-22.250617283950618,-20.92716049382716,-10.670370370370371,602.4103703703704,-20.391111111111112,-7.715555555555555,-4.730370370370371,370.959012345679,2.173827160493827,-2.9698765432098764,12.64493827160494,738.1814814814815,-5.662962962962963,9.45185185185185,0.040740740740740744,484.47938271604943,7.527530864197531,5.434814814814814,3.4670370370370374,1400.0518518518518,23.146666666666665,20.253333333333334,-27.647407407407407,562.7333333333333,13.714814814814815,6.175925925925926,3.577777777777778,923.4839506172839,25.255308641975308,7.840246913580247,16.374320987654322,760.3091358024692,5.872098765432099,-13.339876543209876,-8.935802469135801
614.8590476190476,18.264761904761905,-43.90095238095238,2.4571428571428573,652.4781904761905,0.5126666666666667,-12.670190476190475,0.659142857142857,1295.4599047619045,-41.3812380952381,-10.172476190476191,-9.678666666666667,263.03476190476187,-4.387142857142858,-0.47571428571428576,-0.7223809523809523,722.1162857142856,-21.50742857142857,5.682857142857143,1.9671428571428573,353.98133333333334,-8.233333333333333,6.326666666666666,1.4733333333333332,541.5991428571429,10.52152380952381,5.223714285714286,-11.632952380952382,647.1914285714284,9.698571428571428,2.3471428571428574,-5.048571428571428,808.5143809523809,16.925333333333334,0.2143142857142857,-0.38466666666666666,664.569142857143,12.394666666666668,-10.307809523809523,3.604571428571428,894.7245714285715,-9.481142857142856,6.838857142857143,17.330285714285715,756.4542857142857,-17.369714285714284,-16.33657142857143,-8.329714285714285,465.96580952380947,-15.77257142857143,-5.968,-3.658952380952381,289.63009523809524,1.697238095238095,-2.318761904761905,9.872666666666666,572.9055238095239,-4.395047619047618,7.335619047619047,0.03161904761904762,375.2184761904762,5.8299047619047615,4.209142857142857,2.685142857142857,1085.0171428571427,17.938285714285715,15.696,-21.42628571428571,434.10857142857145,10.58,4.764285714285714,2.7600000000000002,713.6695238095239,19.517333333333333,6.05895238095238,12.654095238095236,594.4655238095238,4.591238095238095,-10.430095238095237,-6.9866666666666655
133.14580708661416,3.9551771653543306,-9.506614173228348,0.5320866141732283,141.00070866141732,0.11078740157480317,-2.7380314960629923,0.14244094488188977,280.67281496062986,-8.965610236220474,-2.203956692913386,-2.096968503937008,57.30620078740157,-0.9558070866141734,-0.10364173228346457,-0.1573818897637795,157.38574803149604,-4.687559055118109,1.2385826771653545,0.42874015748031497,78.79354330708662,-1.8326771653543308,1.408267716535433,0.3279527559055118,118.56354330708662,2.303307086614173,1.1435433070866141,-2.5466141732283467,140.09877952755903,2.099468503937008,0.5080905511811024,-1.0928740157480314,175.22372047244093,3.6681102362204725,0.046446850393700785,-0.08336614173228346,143.9815748031496,2.6853543307086616,-2.233228346456693,0.7809448818897637,194.45185039370077,-2.0605511811023622,1.4862992125984251,3.7664173228346454,162.58021653543307,-3.7331692913385828,-3.5111220472440943,-1.790255905511811,99.92675196850392,-3.38244094488189,-1.2798425196850394,-0.7846653543307087,61.057007874015746,0.3577952755905512,-0.48881889763779524,2.081259842519685,125.9056496062992,-0.9658858267716535,1.6121259842519684,0.0069488188976377955,81.52435039370079,1.2666732283464568,0.9145275590551181,0.5834055118110236,234.89566929133855,3.883464566929134,3.398031496062992,-4.638582677165354,94.40858267716537,2.300905511811024,1.0361220472440946,0.600236220472441,154.32263779527557,4.220393700787402,1.3101771653543306,2.7362992125984253,130.14094488188977,1.0051181102362206,-2.2833661417322832,-1.529527559055118
149.1836942675159,4.431592356687898,-10.65171974522293,0.5961783439490446,156.805966029724,0.1232059447983015,-3.044946921443737,0.15840764331210191,314.6966029723991,-10.052441613588112,-2.4711252653927813,-2.351167728237792,65.61152866242038,-1.094331210191083,-0.11866242038216561,-0.18019108280254775,180.97248407643312,-5.390063694267515,1.424203821656051,0.49299363057324846,89.31915074309978,-2.0774946921443735,1.5963906581740976,0.3717622080679405,136.87853503184712,2.6591082802547765,1.3201910828025476,-2.94,153.58662420382163,2.301592356687898,0.5570063694267516,-1.1980891719745221,197.42284501061573,4.132823779193206,0.0523312101910828,-0.09392781316348196,161.98585987261146,3.0211464968152866,-2.512484076433121,0.8785987261146495,217.79369426751592,-2.3078980891719745,1.6647133757961785,4.218535031847134,180.3264331210191,-4.1406581740976645,-3.894373673036093,-1.9856687898089171,114.4604458598726,-3.8743949044585992,-1.4659872611464968,-0.8987898089171974,66.88237791932059,0.391932059447983,-0.5354564755838641,2.2798301486199573,143.87486199575372,-1.1037367303609342,1.842208067940552,0.007940552016985139,93.8563694267516,1.4582802547770701,1.0528662420382164,0.671656050955414,260.3753715498938,4.304713375796179,3.7666242038216557,-5.141740976645435,106.87414012738854,2.604713375796179,1.1729299363057324,0.6794904458598725,178.03184713375796,4.868789808917198,1.5114649681528662,3.1566878980891717,145.92832271762208,1.1270488322717622,-2.5603609341825897,-1.7150743099787684
155.4221108742004,4.6169083155650315,-11.097142857142858,0.6211087420042645,162.60349680170577,0.12776119402985076,-3.157526652452025,0.1642643923240938,324.98835820895516,-10.381194029850748,-2.551940298507463,-2.428059701492537,69.0744776119403,-1.1520895522388062,-0.12492537313432836,-0.18970149253731344,194.4240511727079,-5.790703624733476,1.5300639658848614,0.529637526652452,93.183539445629,-2.1673773987206824,1.66545842217484,0.38784648187633264,146.81341151385928,2.852110874200426,1.4160127931769724,-3.1533901918976546,161.4083582089552,2.4188059701492537,0.5853731343283582,-1.2591044776119402,206.1074840085288,4.3146268656716416,0.054633262260127935,-0.09805970149253732,167.38215351812366,3.1217910447761192,-2.596183368869936,0.9078678038379531,226.08684434968015,-2.395778251599147,1.7281023454157782,4.379168443496802,188.33923240938168,-4.3246481876332625,-4.067420042643923,-2.073901918976546,119.98279317697227,-4.06132196162047,-1.5367164179104478,-0.9421535181236674,67.9426012793177,0.39814498933901915,-0.5439445628997868,2.3159701492537317,152.98771855010662,-1.1736460554371,1.9588912579957354,0.008443496801705757,99.54820895522388,1.546716417910448,1.1167164179104478,0.7123880597014925,270.4,4.47044776119403,3.911641791044776,-5.339701492537314,113.52742004264393,2.766865671641791,1.2459488272921109,0.7217910447761193,188.15628997867805,5.145671641791045,1.5974200426439231,3.3362046908315564,152.9002985074627,1.1808955223880597,-2.6826865671641786,-1.7970149253731342
117.95089393939394,3.50380303030303,-8.42169696969697,0.4713636363636363,121.89131818181819,0.09577272727272729,-2.3669545454545458,0.12313636363636363,240.2795909090909,-7.675318181818182,-1.8867727272727273,-1.795181818181818,51.79910606060606,-0.8639545454545455,-0.09368181818181819,-0.14225757575757575,149.92243939393938,-4.465272727272727,1.179848484848485,0.40840909090909094,70.8581515151515,-1.6481060606060607,1.2664393939393939,0.2949242424242424,114.294,2.2203636363636363,1.1023636363636362,-2.4549090909090907,118.90481818181817,1.7818636363636364,0.43122727272727274,-0.9275454545454545,153.81772727272727,3.22,0.04077272727272727,-0.0731818181818182,123.56036363636363,2.3044848484848486,-1.9164848484848482,0.6701818181818181,168.33401515151516,-1.7837878787878787,1.2866666666666666,3.260530303030303,138.45,-3.1790909090909087,-2.9899999999999998,-1.5245454545454546,90.2290606060606,-3.0541818181818186,-1.1556363636363636,-0.7085151515151515,51.76836363636364,0.30336363636363634,-0.41445454545454546,1.7646363636363638,116.94990909090909,-0.8971818181818182,1.4974545454545454,0.006454545454545454,73.08971212121213,1.1356212121212121,0.8199090909090909,0.5230454545454546,199.01030303030302,3.2901818181818183,2.8789090909090906,-3.9299393939393936,85.47763636363638,2.083242424242424,0.9381060606060606,0.5434545454545454,144.595,3.9543636363636367,1.227590909090909,2.5638181818181818,116.23224242424243,0.8976969696969698,-2.039333333333333,-1.366060606060606
168.2386373165618,4.997631027253669,-12.01224318658281,0.6723270440251572,174.07102725366877,0.1367714884696017,-3.3802096436058697,0.17584905660377356,344.28687631027253,-10.997651991614257,-2.703480083857442,-2.5722431865828095,73.86255765199161,-1.2319496855345915,-0.13358490566037737,-0.20285115303983225,218.5217819706499,-6.508427672955975,1.719706498951782,0.5952830188679245,101.46779874213837,-2.360062893081761,1.8135220125786162,0.4223270440251572,168.25641509433962,3.2686792452830185,1.6228301886792451,-3.6139622641509437,167.27974842767293,2.506792452830189,0.6066666666666667,-1.3049056603773583,222.08301886792452,4.649056603773585,0.05886792452830188,-0.10566037735849058,177.35314465408806,3.307756813417191,-2.75083857442348,0.9619496855345911,241.84540880503144,-2.5627672955974843,1.8485534591194968,4.684402515723271,198.93396226415095,-4.567924528301887,-4.296226415094339,-2.190566037735849,130.62002096436058,-4.421383647798742,-1.6729559748427674,-1.0256813417190775,72.8992033542977,0.4271907756813417,-0.5836268343815514,2.4849266247379456,168.2749895178197,-1.2909224318658281,2.1546331236897274,0.009287211740041929,105.35773584905662,1.6369811320754717,1.1818867924528302,0.7539622641509435,283.75974842767295,4.691320754716981,4.104905660377359,-5.603522012578616,122.70264150943397,2.990482180293501,1.3466457023060796,0.780125786163522,210.11383647798743,5.746163522012579,1.7838364779874212,3.725534591194968,167.56712788259958,1.2941719077568135,-2.9400209643605866,-1.9693920335429769
307.87134831460673,9.145505617977527,-21.982022471910113,1.2303370786516854,316.98689138576776,0.24906367041198502,-6.155430711610487,0.3202247191011236,628.3386891385768,-20.07119850187266,-4.933970037453184,-4.694456928838951,136.9889513108614,-2.2848314606741575,-0.24775280898876406,-0.3762172284644194,397.1984269662921,-11.830112359550562,3.1258426966292134,1.0820224719101126,185.09827715355806,-4.305243445692884,3.3082397003745316,0.7704119850187265,309.9008988764045,6.0203745318352055,2.9889887640449437,-6.656329588014981,303.77415730337077,4.5522471910112365,1.1016853932584272,-2.3696629213483145,403.3676404494382,8.444044943820224,0.10692134831460673,-0.19191011235955058,324.3226966292135,6.048838951310861,-5.030411985018726,1.7591011235955054,438.960074906367,-4.651535580524345,3.3552059925093634,8.502397003745317,361.1028089887641,-8.291647940074906,-7.798464419475656,-3.976292134831461,238.75887640449437,-8.08179775280899,-3.0579775280898875,-1.8748314606741574,131.59700374531835,0.7711610486891385,-1.053558052434457,4.485767790262172,308.09086142322093,-2.3635205992509363,3.944868913857678,0.01700374531835206,192.870861423221,2.9967041198501874,2.163595505617977,1.3802247191011237,514.770786516854,8.510561797752809,7.446741573033708,-10.165393258426965,224.65348314606743,5.4752059925093635,2.4655430711610484,1.428314606741573,383.3479400749063,10.483745318352062,3.2545692883895128,6.797153558052434,305.16134831460676,2.3568539325842695,-5.354157303370786,-3.586516853932584
181.32539614561026,5.386381156316917,-12.946638115631691,0.7246252676659528,186.95546038543895,0.14689507494646684,-3.6304068522483943,0.18886509635974305,369.35449678800853,-11.798394004282656,-2.900321199143469,-2.7595289079229124,80.87873661670234,-1.3489721627408995,-0.1462740899357602,-0.22211991434689504,240.17989293361885,-7.1534903640256955,1.890149892933619,0.6542826552462527,109.3254817987152,-2.5428265524625266,1.9539614561027838,0.4550321199143469,184.06792291220557,3.5758458244111346,1.7753319057815844,-3.9535760171306213,181.81443254817987,2.7246038543897213,0.6593790149892934,-1.4182869379014988,237.5503640256959,4.972847965738758,0.0629678800856531,-0.11301927194860815,192.8525267665953,3.596830835117773,-2.991241970021413,1.046017130620985,258.6110706638116,-2.740428265524625,1.9767023554603855,5.009143468950749,211.22119914346897,-4.8500642398286935,-4.561584582441113,-2.3258672376873664,143.5286295503212,-4.858329764453962,-1.838286937901499,-1.1270449678800858,76.01687366167023,0.44546038543897215,-0.6085867237687366,2.5911991434689505,185.45785867237686,-1.4227408993576016,2.3746466809421842,0.010235546038543897,113.59233404710922,1.7649250535331906,1.2742612419700214,0.8128907922912207,303.2646680942184,5.013790149892934,4.387066381156317,-5.988693790149893,135.51494646680942,3.3027408993576017,1.487259100642398,0.8615845824411134,226.86852248394,6.204368308351178,1.9260813704496786,4.022612419700214,180.5930620985011,1.3947751605995717,-3.168565310492505,-2.1224839400428266
126.88635077793492,3.769236209335219,-9.05968882602546,0.5070721357850071,129.91766619519095,0.10207920792079209,-2.5228147100424327,0.13124469589816123,255.4753748231966,-8.16072135785007,-2.006096181046676,-1.9087128712871289,55.32387553041018,-0.9227439886845828,-0.10005657708628007,-0.15193776520509192,168.928387553041,-5.031343705799151,1.3294200848656295,0.46018387553041024,76.25753889674682,-1.7736916548797736,1.3629420084865629,0.3173974540311174,126.13281471004242,2.45035360678925,1.2165487977369165,-2.709193776520509,125.46956152758132,1.88024045261669,0.4550353606789251,-0.9787553041018386,162.94595473833095,3.411089108910891,0.04319236209335219,-0.07752475247524752,133.92657708628005,2.497821782178218,-2.0772701555869872,0.7264073550212163,180.4300424328147,-1.911966053748232,1.379123055162659,3.494823196605375,145.98182461103255,-3.352036775106082,-3.1526591230551624,-1.6074823196605375,97.40346534653466,-3.297029702970297,-1.2475247524752475,-0.7648514851485149,53.46806223479491,0.3133239038189533,-0.42806223479490807,1.8225742574257424,129.42142857142858,-0.9928571428571428,1.657142857142857,0.007142857142857143,78.10347949080622,1.2135219236209336,0.8761527581329561,0.558925035360679,212.3909476661952,3.511400282885431,3.072475247524753,-4.194172560113154,92.12893917963225,2.2453465346534656,1.011103253182461,0.5857425742574257,160.021216407355,4.376237623762377,1.3585572842998583,2.8373408769448374,127.71281471004244,0.9863649222065064,-2.2407637906647806,-1.500990099009901
438.08966183574876,13.013719806763286,-31.27961352657005,1.7507246376811594,450.18425120772946,0.35371980676328507,-8.741932367149758,0.4547826086956522,887.773768115942,-28.35840579710145,-6.971159420289855,-6.632753623188406,191.84125603864734,-3.1997101449275362,-0.3469565217391305,-0.5268599033816425,585.7461835748792,-17.445797101449273,4.609661835748793,1.5956521739130436,264.4007729468599,-6.14975845410628,4.725603864734299,1.1004830917874395,436.45130434782607,8.478840579710145,4.2095652173913045,-9.374492753623189,437.0080193236714,6.548840579710144,1.58487922705314,-3.408985507246377,563.6429468599034,11.799227053140097,0.14940579710144927,-0.2681642512077295,465.0359420289855,8.673236714975845,-7.212946859903381,2.52231884057971,623.4817874396135,-6.606859903381642,4.7656038647343,12.07647342995169,503.68840579710144,-11.565700483091787,-10.877777777777776,-5.546376811594204,338.3805797101449,-11.453913043478261,-4.333913043478261,-2.657101449275362,189.64173913043476,1.111304347826087,-1.5182608695652173,6.464347826086956,447.28545893719803,-3.431352657004831,5.7271497584541065,0.02468599033816425,271.25516908212563,4.214589371980677,3.0428985507246376,1.9411594202898552,734.6695652173912,12.146086956521739,10.627826086956523,-14.507826086956522,317.21565217391304,7.731111111111112,3.4814009661835748,2.0168115942028986,549.7608695652174,15.034782608695654,4.6673913043478255,9.747826086956522,445.40521739130435,3.4400000000000004,-7.814782608695651,-5.234782608695652
417.32095454545447,12.396772727272728,-29.796727272727274,1.6677272727272727,431.68154545454547,0.3391818181818182,-8.382636363636363,0.4360909090909091,844.8540454545454,-26.987409090909093,-6.6341363636363635,-6.31209090909091,184.57672727272725,-3.078545454545455,-0.3338181818181818,-0.5069090909090909,556.3899545454545,-16.571454545454543,4.378636363636364,1.5156818181818181,252.4901818181818,-5.872727272727273,4.512727272727273,1.0509090909090908,422.62199999999996,8.210181818181818,4.076181818181818,-9.077454545454547,416.4989999999999,6.241499999999999,1.5105,-3.2489999999999997,538.3620454545454,11.27,0.14270454545454545,-0.25613636363636366,443.7664090909091,8.276545454545454,-6.883045454545455,2.4069545454545453,593.4428181818182,-6.288545454545455,4.536,11.494636363636364,479.25,-11.004545454545454,-10.35,-5.277272727272727,328.5212272727273,-11.120181818181818,-4.207636363636364,-2.579681818181818,185.04436363636364,1.0843636363636364,-1.4814545454545456,6.307636363636364,426.6200909090909,-3.272818181818182,5.462545454545454,0.023545454545454543,258.04663636363637,4.009363636363637,2.894727272727273,1.8466363636363639,698.3836363636364,11.546181818181818,10.10290909090909,-13.791272727272727,302.0743636363636,7.3620909090909095,3.315227272727273,1.9205454545454546,525.745,14.378000000000002,4.4635,9.322,423.9589090909091,3.2743636363636366,-7.4384999999999994,-4.982727272727272
347.7220074349442,10.329293680297397,-24.82736059479554,1.3895910780669145,360.0030855018587,0.2828624535315985,-6.990743494423792,0.3636802973977695,703.6368401486988,-22.476468401486994,-5.525241635687732,-5.257026022304832,153.72985130111522,-2.5640520446096655,-0.2780297397769517,-0.42219330855018583,460.5669144981413,-13.717472118959108,3.62453531598513,1.254646840148699,210.29345724907063,-4.891263940520446,3.758550185873606,0.8752788104089219,354.3341263940521,6.883568773234201,3.4175464684014867,-7.610706319702602,345.520594795539,5.177843866171004,1.2530855018587361,-2.695315985130111,450.1412267657992,9.423197026022306,0.11931970260223049,-0.21416356877323423,373.08903345724906,6.9583643122676575,-5.786802973977695,2.02360594795539,490.0514869888476,-5.1929368029739775,3.745724907063197,9.492007434944238,401.0972118959108,-9.209999999999999,-8.662193308550185,-4.4166914498141265,274.04289962825277,-9.276133828996283,-3.5098884758364313,-2.151895910780669,153.13903345724907,0.8973977695167286,-1.226022304832714,5.220074349442379,351.60289962825277,-2.697323420074349,4.502007434944238,0.01940520446096654,215.07817843866172,3.341747211895911,2.4127137546468402,1.5391449814126394,578.29219330855,9.560743494423791,8.365650557620818,-11.419776951672862,251.96118959107807,6.140743494423792,2.7652416356877323,1.6019330855018585,438.3888475836431,11.98899628252788,3.7218587360594793,7.773085501858736,353.3745724907063,2.729219330855019,-6.200074349442379,-4.1531598513011145
205.04194029850746,6.09089552238806,-14.640000000000002,0.8194029850746269,211.6124946695096,0.1662686567164179,-4.109211087420043,0.213773987206823,412.52825159914704,-13.177505330490407,-3.2393390191897655,-3.082089552238806,91.67488272921108,-1.529040511727079,-0.1657995735607676,-0.25176972281449894,276.8429424307036,-8.24545842217484,2.1786780383795312,0.7541577825159914,124.09957356076758,-2.886460554371002,2.2180170575692966,0.5165245202558635,212.5833262260128,4.129808102345415,2.0503624733475476,-4.566055437100213,205.34383795309168,3.0772068230277188,0.7447121535181237,-1.6018336886993603,266.0260980810234,5.5689552238805975,0.07051599147121536,-0.1265671641791045,218.69475479744136,4.078805970149253,-3.3920682302771854,1.186183368869936,288.43869936034116,-3.056503198294243,2.204690831556503,5.586886993603412,237.29744136460553,-5.448827292110874,-5.1247334754797444,-2.613006396588486,162.2144989339019,-5.490831556503199,-2.0776119402985076,-1.273773987206823,88.60955223880596,0.5192537313432836,-0.7094029850746268,3.0204477611940295,210.16494669509595,-1.6122814498933902,2.6910021321961617,0.011599147121535182,128.65200426439233,1.9989125799573562,1.4431982942430703,0.9206609808102346,340.2285714285714,5.624904051172708,4.9217910447761195,-6.71863539445629,150.71257995735607,3.673134328358209,1.654051172707889,0.9582089552238805,260.80788912579953,7.132537313432836,2.2142217484008526,4.624392324093816,209.03147121535184,1.6144136460554372,-3.6675266524520254,-2.4567164179104473
205.00482401656313,6.089792960662526,-14.637349896480332,0.8192546583850931,212.30349896480334,0.16681159420289857,-4.122629399585922,0.21447204968944097,409.8044099378881,-13.09049689440994,-3.217950310559006,-3.0617391304347823,93.34488612836438,-1.5568944099378883,-0.16881987577639754,-0.25635610766045547,278.73674948240165,-8.301863354037266,2.1935817805383024,0.7593167701863354,123.46219461697721,-2.8716356107660457,2.2066252587991717,0.513871635610766,216.71229813664596,4.210020703933747,2.0901863354037267,-4.654741200828158,203.93035196687367,3.056024844720497,0.7395859213250519,-1.590807453416149,265.62600414078673,5.560579710144928,0.07040993788819876,-0.12637681159420291,219.75341614906833,4.098550724637681,-3.4084886128364387,1.1919254658385092,287.46745341614906,-3.0462111801242235,2.1972670807453416,5.568074534161491,237.45310559006214,-5.4524016563146995,-5.128095238095238,-2.61472049689441,162.94409937888196,-5.51552795031056,-2.0869565217391304,-1.279503105590062,86.79370600414079,0.5086128364389234,-0.6948654244306418,2.958550724637681,213.82670807453417,-1.6403726708074533,2.737888198757764,0.011801242236024845,129.41890269151142,2.0108281573498967,1.451801242236025,0.9261490683229815,338.6621118012422,5.599006211180123,4.8991304347826095,-6.687701863354037,150.99428571428572,3.68,1.657142857142857,0.96,260.4130434782609,7.121739130434783,2.2108695652173913,4.617391304347826,209.87809523809526,1.6209523809523811,-3.682380952380952,-2.4666666666666663
182.59909252669036,5.424217081850534,-13.037580071174379,0.7297153024911032,190.06923487544483,0.14934163701067618,-3.6908718861209966,0.19201067615658363,365.26877224199285,-11.667882562277581,-2.8682384341637013,-2.7290035587188615,82.61421708185053,-1.3779181494661923,-0.14941281138790036,-0.22688612099644126,247.49106761565838,-7.371245551601424,1.9476868327402137,0.6741992882562278,111.5579003558719,-2.594750889679715,1.9938612099644126,0.46432384341637006,190.67129893238436,3.704128113879003,1.839021352313167,-4.095409252669039,182.8050177935943,2.739448398576512,0.6629715302491104,-1.4260142348754448,234.30845195729538,4.904982206405694,0.06210854092526691,-0.11147686832740214,195.40756227758007,3.6444839857651243,-3.0308718861209965,1.0598754448398575,260.98864768683273,-2.7656227758007117,1.9948754448398578,5.055195729537367,209.9111209964413,-4.819982206405694,-4.533291814946619,-2.31144128113879,142.6065302491103,-4.82711743772242,-1.8264768683274022,-1.1198042704626334,75.88669039145907,0.44469750889679716,-0.6075444839857651,2.586761565836299,188.9276512455516,-1.4493594306049822,2.4190747330960853,0.010427046263345197,114.81451957295376,1.783914590747331,1.2879715302491104,0.8216370106761567,305.3149466192171,5.047686832740213,4.416725978647687,-6.0291814946619215,131.64982206405693,3.208540925266904,1.4448398576512456,0.8370106761565836,232.09608540925268,6.347330960854093,1.970462633451957,4.115302491103202,185.4626334519573,1.4323843416370108,-3.254003558718861,-2.179715302491103
568.5629508196721,16.889508196721312,-40.59540983606557,2.2721311475409838,589.0650273224044,0.46284153005464485,-11.438797814207652,0.5950819672131147,1133.93956284153,-36.221748633879784,-8.904153005464481,-8.47191256830601,257.7903825136612,-4.299672131147541,-0.4662295081967214,-0.7079781420765028,769.0813114754098,-22.906229508196724,6.052459016393444,2.095081967213115,348.1783606557377,-8.098360655737705,6.222950819672131,1.4491803278688524,588.754262295082,11.4375956284153,5.678524590163933,-12.645792349726777,568.5884153005464,8.520655737704917,2.0620765027322405,-4.435409836065573,729.218087431694,15.26535519125683,0.1932950819672131,-0.34693989071038256,610.4408196721312,11.385136612021858,-9.468251366120217,3.310983606557377,809.6847540983606,-8.58,6.188852459016394,15.683114754098359,651.6868852459017,-14.964043715846994,-14.073989071038252,-7.176065573770492,440.1004371584699,-14.89704918032787,-5.63672131147541,-3.4558469945355195,233.71300546448086,1.3695628415300547,-1.8710928961748632,7.966612021857923,583.1743715846994,-4.473825136612022,7.467103825136612,0.03218579234972677,356.83775956284154,5.54431693989071,4.002950819672131,2.5536065573770497,951.9125683060109,15.737704918032787,13.770491803278688,-18.797814207650273,405.0236065573771,9.871147540983607,4.445081967213114,2.575081967213115,720.7765027322405,19.71169398907104,6.119289617486339,12.780109289617485,576.072131147541,4.449180327868853,-10.107377049180327,-6.770491803278689
226.9669574468085,6.742191489361702,-16.20544680851064,0.9070212765957447,233.90863829787233,0.1837872340425532,-4.542170212765958,0.23629787234042554,452.67604255319145,-14.459957446808511,-3.554595744680851,-3.3820425531914893,104.18536170212765,-1.7377021276595745,-0.1884255319148936,-0.28612765957446806,312.80659574468086,-9.316595744680852,2.4617021276595743,0.8521276595744681,139.04340425531916,-3.234042553191489,2.4851063829787234,0.5787234042553191,239.50276595744683,4.652765957446808,2.31,-5.144255319148937,225.73965957446805,3.3828510638297873,0.8186808510638298,-1.7609361702127657,290.5034893617021,6.08136170212766,0.07700425531914894,-0.13821276595744683,244.16655319148936,4.553872340425532,-3.787148936170212,1.3243404255319147,321.874085106383,-3.4108085106382977,2.4602553191489362,6.234510638297872,259.4747872340426,-5.958063829787234,-5.60368085106383,-2.857212765957447,178.33538297872337,-6.036510638297873,-2.2840851063829786,-1.4003617021276598,91.77225531914894,0.5377872340425531,-0.7347234042553191,3.128255319148936,235.93251063829786,-1.8099574468085105,3.020936170212766,0.013021276595744681,143.55925531914895,2.2305319148936174,1.6104255319148935,1.027340425531915,378.42170212765956,6.256340425531915,5.474297872340426,-7.472851063829787,165.5716595744681,4.035276595744681,1.817127659574468,1.0526808510638297,288.57212765957445,7.891829787234043,2.4499361702127653,5.116680851063829,230.38314893617022,1.7793191489361704,-4.0421489361702125,-2.7076595744680847
447.60487499999994,13.296375000000001,-31.959000000000003,1.78875,461.7831666666667,0.3628333333333334,-8.967166666666666,0.46649999999999997,895.23525,-28.59675,-7.029750000000001,-6.6885,205.89579166666667,-3.4341250000000003,-0.372375,-0.5654583333333333,629.0985833333333,-18.737000000000002,4.950833333333334,1.71375,276.54791666666665,-6.432291666666667,4.942708333333333,1.1510416666666667,480.599625,9.3365,4.635375,-10.322750000000001,447.55375,6.706874999999999,1.6231250000000002,-3.49125,573.807,12.012,0.15209999999999999,-0.273,485.1655,9.048666666666666,-7.525166666666666,2.6315,638.9715,-6.771,4.884,12.3765,513.5075,-11.791166666666667,-11.089833333333333,-5.6545,356.8917083333333,-12.0805,-4.571,-2.8024583333333335,180.73033333333333,1.0590833333333332,-1.4469166666666666,6.160583333333333,474.1138333333333,-3.6371666666666664,6.070666666666666,0.026166666666666668,281.7831666666667,4.378166666666667,3.161,2.0165,750.5116666666667,12.408,10.857,-14.820666666666666,333.603,8.130500000000001,3.66125,2.121,574.5483333333334,15.712666666666667,4.877833333333332,10.187333333333333,456.13033333333334,3.5228333333333333,-8.002958333333332,-5.360833333333333
523.6767149758454,15.556135265700483,-37.39053140096618,2.092753623188406,541.8565700483092,0.4257487922705315,-10.52207729468599,0.5473913043478261,1053.162028985507,-33.64144927536232,-8.269855072463768,-7.868405797101449,241.60458937198064,-4.029710144927536,-0.43695652173913047,-0.6635265700483092,738.1678743961353,-21.985507246376812,5.809178743961352,2.010869565217391,324.5815458937198,-7.549516908212561,5.801207729468598,1.3509661835748792,562.8668115942029,10.934685990338163,5.428840579710145,-12.08975845410628,527.3747826086956,7.90304347826087,1.912608695652174,-4.11391304347826,672.3912077294685,14.075748792270533,0.178231884057971,-0.31990338164251214,570.1259420289855,10.633236714975846,-8.84294685990338,3.0923188405797095,748.0669082125604,-7.927053140096618,5.717874396135265,14.489613526570048,600.4644927536232,-13.787874396135267,-12.967777777777778,-6.612028985507247,419.4905314009662,-14.199420289855073,-5.372753623188405,-3.294009661835749,216.5661835748792,1.2690821256038647,-1.7338164251207728,7.382125603864734,554.9490821256038,-4.257294685990338,7.105700483091787,0.030628019323671495,331.20106280193244,5.1459903381642516,3.71536231884058,2.370144927536232,879.4154589371981,14.539130434782608,12.721739130434782,-17.366183574879226,389.3391304347826,9.488888888888889,4.2729468599033815,2.47536231884058,669.3579710144928,18.305507246376813,5.682753623188406,11.868405797101449,538.0541062801932,4.155555555555556,-9.440338164251207,-6.323671497584541
3101.4634285714283,92.13085714285714,-221.44457142857144,12.394285714285715,3212.330857142857,2.524,-62.378857142857136,3.245142857142857,6266.178285714285,-200.16228571428573,-49.204571428571434,-46.815999999999995,1433.184,-23.904000000000003,-2.592,-3.936,4370.4554285714285,-130.16914285714287,34.394285714285715,11.905714285714286,1919.6680000000001,-44.65,34.309999999999995,7.989999999999999,3337.308857142857,64.83314285714285,32.18828571428571,-71.68171428571429,3123.220571428571,46.80342857142857,11.326857142857143,-24.363428571428567,3985.121142857143,83.424,1.0563428571428572,-1.896,3383.898,63.112,-52.486,18.354,4427.570857142857,-46.91771428571428,33.842285714285715,85.75942857142857,3554.6657142857143,-81.62228571428571,-76.76742857142857,-39.14228571428571,2484.734571428571,-84.10628571428572,-31.823999999999998,-19.511142857142858,1280.8342857142857,7.505714285714285,-10.254285714285714,43.66,3282.1274285714285,-25.178857142857144,42.02514285714285,0.18114285714285713,1958.8177142857146,30.434857142857144,21.973714285714287,14.017714285714288,5206.091428571428,86.07085714285715,75.312,-102.80685714285714,2313.9874285714286,56.396,25.395714285714288,14.711999999999998,3958.7742857142857,108.26400000000001,33.609428571428566,70.19314285714285,3189.0125714285714,24.62971428571429,-55.952285714285715,-37.48
186.36781094527362,5.536169154228856,-13.306666666666667,0.744776119402985,195.90935323383087,0.15393034825870647,-3.804278606965174,0.197910447761194,375.8901492537313,-12.007164179104478,-2.9516417910447763,-2.808358208955224,85.66225538971807,-1.4287562189054728,-0.15492537313432836,-0.23525704809286896,261.07142620232173,-7.775721393034826,2.0545605306799337,0.7111940298507463,116.84228855721392,-2.7176616915422884,2.0883084577114426,0.486318407960199,197.34437810945275,3.8337645107794356,1.9033830845771145,-4.238739635157546,186.6132669983416,2.7965174129353234,0.676782752902156,-1.4557213930348258,237.16477611940297,4.964776119402986,0.06286567164179105,-0.1128358208955224,203.20885572139304,3.789983416252073,-3.1518739635157544,1.102189054726368,268.63666666666666,-2.8466666666666667,2.0533333333333337,5.203333333333333,212.5407960199005,-4.880364842454395,-4.590082918739634,-2.3403980099502486,146.39703150912104,-4.95542288557214,-1.8750248756218904,-1.1495688225538974,75.54918739635157,0.4427197346600331,-0.6048424543946932,2.575257048092869,196.81500829187397,-1.5098673300165837,2.520066334991708,0.010862354892205639,119.61218905472639,1.8584577114427863,1.3417910447761194,0.8559701492537315,314.8888888888889,5.205970149253731,4.5552238805970156,-6.218242122719735,136.06388059701493,3.3161194029850747,1.493283582089552,0.8650746268656716,239.93316749585404,6.561658374792704,2.0369983416252073,4.254262023217247,190.63150912106136,1.4723051409618575,-3.34469320066335,-2.240464344941957
120.06561277033985,3.5666220391349124,-8.572687950566426,0.4798146240988671,127.07481977342947,0.0998455200823893,-2.4676107106076213,0.1283728115345005,244.64353244078265,-7.814716786817715,-1.9210401647785789,-1.8277857878475798,56.27202883625129,-0.9385581874356334,-0.10177136972193615,-0.1545417095777549,166.38086508753864,-4.955468589083419,1.3093717816683832,0.45324407826982493,74.2426982492276,-1.7268280123583934,1.326930998970134,0.30901132852729146,130.53216271884654,2.5358187435633366,1.2589804325437692,-2.8036869207003092,122.8117816683831,1.840411946446962,0.44539649845520085,-0.9580226570545828,155.46383110195674,3.2544593202883623,0.04120906282183316,-0.07396498455200824,136.04338825952627,2.537301750772399,-2.1101029866117402,0.7378887744593202,174.1771060762101,-1.8457054582904222,1.3313285272914521,3.373707518022657,139.10808444902165,-3.1942018537590116,-3.0042121524201852,-1.5317919670442843,97.39811534500514,-3.2968486096807417,-1.2474562306900103,-0.7648094747682801,58.02203913491246,0.34001029866117405,-0.4645211122554068,1.977806385169928,126.88898043254376,-0.9734294541709577,1.6247167868177137,0.007003089598352214,78.27384140061793,1.2161688980432546,0.8780638516992791,0.5601441812564367,202.3662203913491,3.345664263645726,2.92745623069001,-3.9962100926879507,90.61989701338825,2.2085684860968073,0.9945417095777548,0.5761483007209062,155.16910401647783,4.243542739443873,1.3173635427394437,2.751307929969104,123.29104016477858,0.9522142121524202,-2.1631822863027805,-1.4490216271884655
102.44630417007357,3.0432297628781684,-7.314668847097302,0.40940310711365496,106.71860179885527,0.08385118560915782,-2.0723221586263287,0.10780866721177432,204.63807031888797,-6.536811120196239,-1.6069010629599345,-1.5288961569910056,46.75230580539657,-0.7797792313982012,-0.08455437448896158,-0.12839738348323795,136.55526573998364,-4.067146361406378,1.0746524938675388,0.3719950940310711,62.95252657399837,-1.464227309893704,1.1251430907604252,0.2620196238757154,109.13448078495503,2.1201308258381033,1.0526001635322975,-2.3440883074407197,104.19793949304987,1.561471790678659,0.37789043336058875,-0.8128209321340965,131.6109730171709,2.7551267375306625,0.03488634505314799,-0.06261651676206052,116.34657399836469,2.16994276369583,-1.8045952575633688,0.6310547833197057,148.26635322976287,-1.57113654946852,1.133278822567457,2.8718315617334422,117.91631234668847,-2.7075960752248567,-2.5465494685200327,-1.298438266557645,80.86850367947669,-2.737334423548651,-1.0357481602616516,-0.6350122649223222,51.911561733442355,0.30420278004905965,-0.41560098119378575,1.769517579721995,105.18798037612429,-0.8069501226492232,1.346852003270646,0.0058053965658217506,68.48683565004089,1.0641046606704825,0.7682747342600164,0.4901062959934588,171.7785772690106,2.839967293540474,2.484971381847915,-3.3921831561733446,75.40454619787408,1.8377432542927228,0.8275551921504497,0.4794112837285363,129.94390842191333,3.553687653311529,1.103205233033524,2.304039247751431,103.82822567457073,0.8018969746524939,-1.8217007358953394,-1.2202780049059687
139.31411578947365,4.1384105263157895,-9.94703157894737,0.5567368421052631,144.23202105263158,0.11332631578947369,-2.800778947368421,0.14570526315789473,275.31892631578944,-8.79458947368421,-2.1619157894736842,-2.0569684210526313,61.91606315789473,-1.0326947368421053,-0.11197894736842107,-0.17004210526315788,181.01346315789473,-5.391284210526316,1.4245263157894736,0.4931052631578947,84.05265263157895,-1.955,1.5022631578947367,0.34984210526315784,148.0366105263158,2.8758736842105264,1.4278105263157894,-3.179663157894737,139.06374736842105,2.0839578947368422,0.5043368421052632,-1.0848,175.16213684210527,3.6668210526315788,0.04643052631578948,-0.08333684210526315,158.1881052631579,2.950315789473684,-2.453578947368421,0.8579999999999999,198.87192631578947,-2.1073894736842105,1.5200842105263157,3.852031578947368,159.69394736842105,-3.6668947368421048,-3.4487894736842106,-1.7584736842105262,107.5594,-3.6408,-1.3776,-0.8446,72.82353684210527,0.4267473684210526,-0.583021052631579,2.4823473684210526,140.75602105263158,-1.0798105263157893,1.8022736842105263,0.007768421052631579,91.92308421052633,1.428242105263158,1.031178947368421,0.657821052631579,233.61136842105262,3.8622315789473682,3.3794526315789475,-4.6132210526315784,101.52378947368422,2.4743157894736845,1.1142105263157895,0.6454736842105262,174.43105263157895,4.770315789473685,1.4808947368421053,3.092842105263158,139.1823157894737,1.0749473684210527,-2.4419999999999997,-1.6357894736842105
114.07696078431371,3.3887254901960784,-8.145098039215686,0.45588235294117646,117.91323529411765,0.09264705882352942,-2.289705882352941,0.11911764705882351,223.65342320261436,-7.144223856209151,-1.756217320261438,-1.6709640522875817,51.226960784313725,-0.8544117647058825,-0.09264705882352942,-0.14068627450980392,145.35100490196078,-4.3291176470588235,1.143872549019608,0.3959558823529412,70.07549019607842,-1.6299019607843137,1.2524509803921569,0.2916666666666667,123.61654411764705,2.401470588235294,1.1922794117647058,-2.6551470588235295,113.66444444444444,1.7033333333333334,0.4122222222222222,-0.8866666666666666,143.16325980392156,2.9969607843137256,0.03794852941176471,-0.06811274509803922,132.4786519607843,2.470816993464052,-2.0548120915032677,0.7185539215686273,162.34834967320262,-1.7203594771241828,1.2409150326797387,3.1445915032679737,129.78382352941176,-2.980098039215686,-2.802843137254902,-1.4291176470588236,87.23233660130718,-2.952745098039216,-1.1172549019607843,-0.684983660130719,63.7475816993464,0.3735620915032679,-0.510359477124183,2.17297385620915,114.72406045751634,-0.8801062091503268,1.468954248366013,0.006331699346405229,77.93517156862745,1.210906862745098,0.8742647058823528,0.5577205882352942,192.55931372549017,3.183529411764706,2.7855882352941177,-3.802549019607843,83.00676470588235,2.0230228758169937,0.9109885620915033,0.5277450980392157,140.27696078431373,3.8362745098039217,1.1909313725490194,2.487254901960784,113.96202614379087,0.8801633986928104,-1.999501633986928,-1.3393790849673202
133.96052968036528,3.97937899543379,-9.564785388127854,0.5353424657534246,137.82507762557077,0.10829223744292239,-2.676365296803653,0.13923287671232878,261.38168036529675,-8.349388127853883,-2.052474885844749,-1.9528401826484019,59.44332420091324,-0.9914520547945206,-0.1075068493150685,-0.16325114155251141,165.79343378995435,-4.937972602739726,1.3047488584474887,0.4516438356164384,83.18001826484017,-1.934703196347032,1.4866666666666666,0.34621004566210045,144.98843835616438,2.816657534246575,1.3984109589041096,-3.1141917808219177,133.46118721461187,2.0,0.4840182648401826,-1.0410958904109588,167.82225570776257,3.5131689497716896,0.04448493150684931,-0.0798447488584475,155.187698630137,2.8943561643835616,-2.407041095890411,0.8417260273972602,189.6753607305936,-2.009936073059361,1.4497899543378996,3.6738995433789956,152.66945205479453,-3.505598173515982,-3.2970867579908676,-1.681123287671233,100.9829315068493,-3.4181917808219184,-1.2933698630136987,-0.7929589041095891,78.56036529680364,0.46036529680365296,-0.6289497716894976,2.677899543378995,132.21078538812785,-1.014255707762557,1.6928584474885844,0.0072968036529680366,92.21608219178084,1.4327945205479453,1.0344657534246575,0.6599178082191781,228.44858447488582,3.776876712328767,3.304767123287671,-4.511269406392694,96.888,2.3613333333333335,1.0633333333333332,0.616,163.85278538812784,4.481022831050229,1.3910867579908675,2.905278538812785,133.69724200913242,1.0325844748858448,-2.3457625570776255,-1.571324200913242
126.59224406224405,3.7604995904995904,-9.038689598689599,0.5058968058968059,129.29359541359543,0.1015888615888616,-2.5106961506961505,0.1306142506142506,243.96975429975427,-7.7931941031941045,-1.915749385749386,-1.8227518427518428,55.14315315315315,-0.9197297297297298,-0.09972972972972974,-0.15144144144144145,154.90790335790334,-4.613759213759214,1.2190827190827191,0.42199017199017197,78.61048321048321,-1.8284193284193284,1.404995904995905,0.3271908271908272,139.96405405405403,2.719049959049959,1.3499508599508598,-3.0062735462735466,127.46855036855035,1.91019656019656,0.46228501228501234,-0.9943488943488943,158.21596232596232,3.312072072072072,0.04193857493857494,-0.07527436527436528,148.6408108108108,2.7722522522522524,-2.3054954954954954,0.8062162162162161,177.26814086814088,-1.8784602784602784,1.354954954954955,3.4335790335790333,143.2472972972973,-3.2892465192465195,-3.093603603603603,-1.5773710073710074,95.07407862407861,-3.2181818181818187,-1.2176904176904177,-0.7465601965601966,78.09411957411957,0.45763308763308763,-0.6252170352170352,2.662006552006552,124.79999180999182,-0.9574037674037674,1.5979688779688779,0.006887796887796888,87.27319410319411,1.355995085995086,0.979017199017199,0.6245454545454546,213.7195741195741,3.533366093366093,3.0916953316953317,-4.220409500409501,92.51646191646192,2.254791154791155,1.0153562653562653,0.5882063882063882,150.86846846846845,4.1259295659295665,1.2808517608517607,2.675053235053235,125.07112203112203,0.965962325962326,-2.194414414414414,-1.4699426699426699
134.2801408450704,3.9888732394366193,-9.587605633802816,0.5366197183098591,136.55053852526927,0.10729080364540182,-2.6516155758077877,0.1379453189726595,256.47158243579116,-8.19254349627175,-2.0139188069594036,-1.9161557580778792,59.24599005799502,-0.9881607290803646,-0.1071499585749793,-0.16270919635459816,160.81048053024026,-4.789560894780448,1.2655343827671914,0.438069594034797,83.92139188069594,-1.951946975973488,1.4999171499585748,0.3492957746478873,149.58131731565865,2.9058823529411764,1.4427091963545982,-3.2128417564208784,135.24306545153271,2.026702568351284,0.4904805302402651,-1.0549958574979286,170.41237779618888,3.567390223695112,0.04517149958574979,-0.08107705053852528,158.3750704225352,2.9538028169014083,-2.4564788732394365,0.8590140845070422,187.71817729908864,-1.9891963545981772,1.4348301574150786,3.6359900579950293,150.63529411764708,-3.458889809444905,-3.2531565865782928,-1.6587241093620548,102.04526097763048,-3.454150787075394,-1.3069759734879867,-0.8013007456503729,85.92623032311515,0.5035294117647059,-0.6879204639602319,2.928980944490472,130.45079536039768,-1.0007539353769677,1.6703231151615576,0.0071996685998343,92.78328086164043,1.4416072908036455,1.0408285004142501,0.663976801988401,227.6001657000828,3.762850041425021,3.2924937862468933,-4.4945153272576635,97.8585584092792,2.3849875724937863,1.0739850869925434,0.6221706710853355,158.683429991715,4.339652029826015,1.3471996685998342,2.8136205468102733,131.94982601491301,1.0190886495443248,-2.3151035625517813,-1.5507870753935376
174.74929679420887,5.191034126163392,-12.477104446742503,0.6983453981385729,176.613784901758,0.1387693898655636,-3.429586349534643,0.17841778697001034,330.02751809720786,-10.542161323681489,-2.5915098241985524,-2.4657083764219236,76.2660392967942,-1.2720372285418824,-0.13793174767321612,-0.20945191313340228,206.7010341261634,-6.15635987590486,1.6266804550155118,0.5630816959669079,107.91770423991727,-2.5100827300930715,1.9288004136504653,0.4491726990692864,195.47432264736295,3.797435367114788,1.8853464322647362,-4.198572905894519,174.85416752843844,2.6202998965873836,0.6341365046535677,-1.3639917269906927,221.22752843846948,4.631147880041365,0.058641158221303,-0.10525336091003104,206.4850051706308,3.8510858324715613,-3.202688728024819,1.1199586349534643,241.57059979317475,-2.5598552223371254,1.8464529472595657,4.679079627714581,194.4423474663909,-4.464788004136505,-4.199224405377456,-2.1411065149948296,131.44129265770422,-4.449183040330921,-1.6834746639089968,-1.0321302998965873,113.14113753877973,0.6630093071354706,-0.9058014477766287,3.856659772492244,166.9496277145812,-1.280754912099276,2.1376628748707343,0.00921406411582213,120.14207859358844,1.866690796277146,1.3477352637021716,0.8597621509824199,292.73526370217166,4.8397104446742505,4.234746639089969,-5.78076525336091,126.65485005170632,3.086804550155119,1.3900206825232677,0.805253360910031,206.05036194415717,5.635036194415719,1.7493381592554291,3.6534850051706305,171.5968562564633,1.3252947259565666,-3.010723888314374,-2.016752843846949
93.97506282722513,2.7915863874345552,-6.709821989528796,0.3755497382198953,92.91480628272251,0.07300523560209425,-1.8042722513089005,0.09386387434554974,175.67165445026177,-5.611528795811519,-1.3794450261780107,-1.3124816753926702,41.34785863874345,-0.6896387434554974,-0.0747801047120419,-0.11355497382198952,109.49242931937174,-3.261109947643979,0.861675392670157,0.29827225130890056,58.69988481675393,-1.3653141361256544,1.0491361256544502,0.24431937172774867,106.46612041884818,2.0682931937172775,1.0268638743455496,-2.2867748691099474,95.8709005235602,1.4366858638743454,0.3476910994764398,-0.7478638743455497,120.70822513089004,2.5268900523560207,0.031996335078534034,-0.05742931937172775,114.00339267015707,2.126240837696335,-1.7682513089005234,0.6183455497382199,128.21021465968585,-1.358607329842932,0.9799790575916231,2.4833560209424084,105.18965968586387,-2.4153664921465965,-2.2717015706806283,-1.1582984293193717,72.17783769633508,-2.4431623036649217,-0.9244397905759162,-0.5667696335078534,65.52789528795812,0.38399476439790575,-0.5246125654450262,2.2336596858638744,91.25904712041884,-0.7000942408376962,1.168502617801047,0.0050366492146596865,66.5917277486911,1.0346596858638744,0.7470157068062827,0.47654450261780107,157.32722513089004,2.601047120418848,2.275916230366492,-3.106806282722513,70.83292146596858,1.726324607329843,0.7773821989528795,0.4503455497382199,110.59146596858638,3.0244397905759164,0.9389057591623036,1.9609005235602093,93.92393717277487,0.7254031413612565,-1.6479267015706807,-1.1038743455497382
154.2313459950454,4.581535920726672,-11.01212221304707,0.6163501238645747,152.28431048720068,0.11965317919075145,-2.957142857142857,0.15383980181668042,288.2273905862923,-9.206928158546656,-2.2632782824112305,-2.1534104046242772,68.41944673823286,-1.1411643270024774,-0.12374071015689515,-0.18790255986787777,177.46671345995045,-5.285648224607762,1.3966143682906689,0.48344343517753924,95.61745664739885,-2.2239884393063583,1.7089595375722542,0.39797687861271674,173.955235342692,3.379388934764657,1.677795210569777,-3.7363666391412056,156.27687861271676,2.3419075144508668,0.5667630057803469,-1.2190751445086705,199.615681255161,4.178728323699422,0.05291246903385632,-0.09497109826589596,187.09664739884394,3.4894797687861274,-2.9019653179190747,1.0147976878612714,210.865681255161,-2.2344838976052848,1.611758876961189,4.084343517753923,173.25817506193232,-3.978356729975227,-3.741725846407927,-1.907836498761354,117.9555161023947,-3.99270024772915,-1.5107514450867052,-0.9262345169281586,109.05400495458298,0.6390586292320396,-0.8730800990916597,3.7173410404624274,148.57280759702724,-1.139777043765483,1.902361684558216,0.00819983484723369,111.56136251032204,1.7333691164327003,1.2514781172584641,0.7983567299752271,261.0842279108175,4.316432700247729,3.776878612716763,-5.155739058629232,116.19141205615196,2.831791907514451,1.2751857968620974,0.738728323699422,182.22939719240296,4.983583815028902,1.5471015689512797,3.231114781172584,153.64611065235343,1.1866556564822461,-2.6957720891824937,-1.8057803468208091
160.3569958506224,4.763502074688796,-11.449493775933611,0.6408298755186721,157.7003900414938,0.12390871369294607,-3.0623153526970954,0.15931120331950208,298.4797842323651,-9.534423236514524,-2.343784232365145,-2.2300082987551866,72.10521161825726,-1.2026390041493777,-0.1304066390041494,-0.19802489626556014,183.01132780082986,-5.450788381742738,1.4402489626556016,0.49854771784232366,99.14414937759337,-2.3060165975103732,1.7719917012448132,0.412655601659751,182.7071701244813,3.5494107883817425,1.762207468879668,-3.9243485477178424,163.48275518672196,2.4498921161825726,0.5928962655601661,-1.2752863070539417,210.01128630705395,4.396348547717842,0.05566804979253112,-0.09991701244813278,196.4005643153527,3.6630041493775933,-3.0462738589211615,1.0652614107883815,218.69922821576765,-2.31749377593361,1.671634854771784,4.2360746887966805,181.02348547717844,-4.156663900414937,-3.909427385892116,-1.993344398340249,124.2032946058091,-4.204182572614108,-1.590771784232365,-0.9752946058091286,115.2276846473029,0.6752365145228215,-0.9225062240663899,3.927784232365145,155.6279253112033,-1.1939004149377592,1.9926970954356844,0.00858921161825726,118.68167634854773,1.844,1.3313526970954357,0.8493112033195022,273.0819917012448,4.514788381742738,3.950439834024896,-5.392663900414938,123.01961825726143,2.9982074688796683,1.3501244813278006,0.7821410788381743,190.75825726141076,5.216829875518672,1.6195103734439833,3.3823402489626555,160.54014937759337,1.2399004149377595,-2.8167302904564315,-1.8868049792531119
215.20066666666665,6.392666666666667,-15.365333333333334,0.86,211.51690322580646,0.16619354838709677,-4.107354838709678,0.21367741935483872,397.60024731182796,-12.700655913978496,-3.1221182795698925,-2.970559139784946,95.03191397849461,-1.5850322580645162,-0.1718709677419355,-0.26098924731182793,241.9234193548387,-7.2054193548387095,1.9038709677419356,0.6590322580645162,131.97443010752687,-3.0696236559139787,2.358763440860215,0.5493010752688172,246.00790322580644,4.779139784946236,2.3727419354838712,-5.283978494623656,217.63860215053762,3.261451612903226,0.7893010752688173,-1.6977419354838708,278.12316129032257,5.822193548387097,0.07372258064516128,-0.1323225806451613,262.612,4.897892473118279,-4.073247311827957,1.4243870967741934,289.4343440860215,-3.0670537634408603,2.2123010752688175,5.606172043010752,241.60612903225808,-5.547763440860215,-5.217784946236559,-2.660451612903226,165.16136559139784,-5.590580645161291,-2.115354838709677,-1.2969139784946238,154.77212903225805,0.9069677419354838,-1.2390967741935484,5.275741935483871,207.68660215053765,-1.593268817204301,2.659268817204301,0.01146236559139785,159.11283870967742,2.472193548387097,1.7849032258064517,1.1386451612903226,365.07075268817204,6.035612903225807,5.281161290322581,-7.209204301075268,163.09006451612905,3.9747956989247317,1.7898924731182795,1.0369032258064514,253.60559139784945,6.935569892473119,2.1530752688172043,4.496688172043011,215.18451612903226,1.661935483870968,-3.775483870967742,-2.529032258064516
185.08753804834376,5.498137869292749,-13.2152551477171,0.7396598030438675,180.49299015219339,0.14181736794986574,-3.5049149507609667,0.18233661593554162,339.6093464637421,-10.848236347358998,-2.666750223813787,-2.5372963294538944,81.39445837063563,-1.3575738585496868,-0.14720680393912267,-0.22353625783348255,207.0420769919427,-6.16651745747538,1.629364368845121,0.5640107430617726,114.45095792300806,-2.662041181736795,2.0455684870188002,0.4763652641002686,212.41393912264996,4.12651745747538,2.0487287376902414,-4.562417188898836,186.95976723366155,2.8017099373321392,0.6780393912264996,-1.4584243509400179,240.12353625783348,5.026714413607879,0.06364995523724261,-0.11424350940017906,227.20890778871978,4.237600716204118,-3.5241271262309755,1.2323634735899731,247.26666965085047,-2.6202148612354517,1.8899910474485226,4.789409131602507,207.34606087735006,-4.761083258728738,-4.477896150402865,-2.28319606087735,143.85250671441358,-4.869292748433304,-1.8424350940017906,-1.1295881826320502,135.9117994628469,0.7964458370635631,-1.0881020590868395,4.6328469113697395,179.56788719785138,-1.377555953446732,2.299230080572963,0.00991047448522829,137.8909847806625,2.142461951656222,1.5468397493285586,0.9867770814682184,313.15452103849594,5.1772963294538945,4.530134288272158,-6.183992837958818,142.29217547000897,3.4679140555058194,1.5616383169203223,0.9046732318710833,219.13240823634735,5.992802148612355,1.8604028648164723,3.88544315129812,185.8783885407341,1.4355953446732321,-3.2612981199641897,-2.1846016114592657
129.43564056939502,3.844964412811388,-9.241708185053382,0.5172597864768683,125.81452550415185,0.0988552787663108,-2.4431376037959667,0.12709964412811386,235.73256227758006,-7.530071174377225,-1.851067615658363,-1.7612099644128114,55.2532384341637,-0.9215658362989325,-0.09992882562277582,-0.15174377224199287,141.08754448398577,-4.202135231316726,1.1103202846975089,0.38434163701067614,81.27616844602609,-1.8904211150652432,1.4526393831553974,0.3382858837485172,143.84887900355872,2.794519572953736,1.3874199288256228,-3.0897153024911033,129.8444365361803,1.9458007117437721,0.47090154211150653,-1.01288256227758,168.85916370106762,3.534875444839858,0.04475978647686833,-0.08033807829181495,158.5076334519573,2.9562752075919336,-2.458534994068802,0.8597330960854092,176.72386714116251,-1.8726927639383155,1.3507947805456701,3.4230367734282323,144.3182384341637,-3.3138374851720047,-3.1167319098457886,-1.5891637010676156,98.10520166073546,-3.320782918149466,-1.2565124555160143,-0.770361803084223,96.0800237247924,0.5630308422301304,-0.7692111506524317,3.275094899169632,122.29787663107948,-0.9382087781731909,1.5659311981020165,0.0067497034400949,96.41475682087784,1.4980308422301307,1.0815658362989324,0.689964412811388,219.86809015421113,3.6350177935943058,3.180640569395018,-4.341826809015421,97.87537366548042,2.385397390272835,1.0741696322657177,0.6222775800711743,151.73084223013046,4.149513641755634,1.2881731909845786,2.690344009489917,129.36460260972717,0.9991221826809016,-2.2697449584816134,-1.520403321470937
118.75414470284237,3.5276640826873384,-8.479049095607236,0.4745736434108527,114.18253229974161,0.08971576227390182,-2.2172609819121445,0.11534883720930232,212.6513126614987,-6.7927803617571065,-1.6698242894056847,-1.5887648578811369,50.14909560723514,-0.8364341085271318,-0.09069767441860466,-0.13772609819121448,127.2005684754522,-3.7885271317829456,1.001033591731266,0.34651162790697676,75.03897674418606,-1.7453488372093022,1.3411627906976744,0.31232558139534883,132.89313178294574,2.5816847545219637,1.2817519379844962,-2.8543979328165374,119.9329819121447,1.7972713178294573,0.4349560723514212,-0.9355658914728682,155.64605167958655,3.258273901808786,0.04125736434108527,-0.07405167958656332,146.74582945736435,2.736909560723514,-2.2761033591731263,0.795937984496124,160.40851679586564,-1.6998036175710594,1.2260878552971577,3.1070180878552973,132.64891472868217,-3.0458863049095606,-2.86471834625323,-1.4606666666666666,89.95482687338502,-3.0448992248062017,-1.152124031007752,-0.7063617571059432,91.79357105943153,0.5379121447028423,-0.7348940568475452,3.128981912144703,112.74044444444445,-0.8648888888888888,1.4435555555555555,0.006222222222222223,88.81750904392766,1.3799896640826874,0.9963410852713178,0.6355968992248062,203.81850129198966,3.3696744186046512,2.9484651162790696,-4.0248888888888885,91.22083720930233,2.223214470284238,1.0011369509043928,0.579968992248062,139.49705426356587,3.8149457364341086,1.1843100775193798,2.4734263565891474,120.47433591731266,0.9304599483204135,-2.1137622739018087,-1.4159173126614986
476.7252663934426,14.161413934426228,-34.03819672131147,1.905122950819672,462.97590163934433,0.3637704918032787,-8.990327868852459,0.46770491803278685,856.0992827868852,-27.34661885245902,-6.7224385245901646,-6.396106557377049,200.37899590163934,-3.342110655737705,-0.3623975409836066,-0.5503073770491803,514.5262295081967,-15.324590163934426,4.049180327868853,1.401639344262295,304.23758196721315,-7.076331967213115,5.437602459016393,1.2662909836065572,530.5378893442622,10.306639344262294,5.11702868852459,-11.395368852459017,481.8427459016393,7.220717213114754,1.7474795081967216,-3.758729508196721,623.4935245901638,13.052131147540985,0.16527049180327869,-0.2966393442622951,586.178237704918,10.932622950819672,-9.091926229508196,3.1793852459016394,648.3140163934426,-6.87,4.9554098360655745,12.557459016393443,532.2162909836065,-12.220758196721311,-11.493872950819672,-5.860512295081968,359.6423360655738,-12.173606557377049,-4.606229508196721,-2.8240573770491806,364.9696721311475,2.1387295081967213,-2.9219262295081965,12.440778688524588,452.2324180327868,-3.4693032786885247,5.790491803278688,0.024959016393442623,357.579405737705,5.555840163934426,4.011270491803279,2.5589139344262297,821.381557377049,13.579672131147541,11.8822131147541,-16.22016393442623,362.78852459016395,8.841803278688525,3.9815573770491803,2.30655737704918,562.1293032786884,15.373032786885245,4.772397540983606,9.967131147540984,483.31475409836065,3.732786885245902,-8.479918032786886,-5.680327868852459
454.17349999999993,13.4915,-32.428000000000004,1.815,443.39407692307697,0.34838461538461546,-8.610076923076923,0.4479230769230769,817.7945,-26.123038461538464,-6.421653846153847,-6.109923076923077,189.48346153846154,-3.1603846153846153,-0.34269230769230774,-0.5203846153846153,491.7579230769231,-14.646461538461539,3.87,1.3396153846153847,292.97715384615384,-6.814423076923077,5.236346153846154,1.219423076923077,502.94982692307696,9.770692307692306,4.850942307692307,-10.802807692307692,459.2168461538461,6.881653846153847,1.6654230769230771,-3.582230769230769,591.9153076923076,12.391076923076923,0.15689999999999998,-0.28161538461538466,555.7644230769231,10.365384615384615,-8.620192307692308,3.0144230769230766,616.6097115384615,-6.5340384615384615,4.713076923076923,11.943365384615385,505.32201923076923,-11.603211538461538,-10.913057692307692,-5.564365384615385,340.28524999999996,-11.518384615384615,-4.358307692307692,-2.672057692307692,343.675,2.0139423076923078,-2.7514423076923076,11.714903846153845,430.32625,-3.3012499999999996,5.51,0.02375,339.7505576923077,5.278826923076924,3.8112692307692306,2.4313269230769237,787.5849999999999,13.020923076923077,11.393307692307694,-15.55276923076923,343.51200000000006,8.372000000000002,3.7699999999999996,2.184,534.4476923076923,14.616000000000001,4.537384615384615,9.47630769230769,457.6956923076923,3.5349230769230773,-8.030423076923077,-5.379230769230769
910.3316091954023,27.041954022988506,-64.9977011494253,3.6379310344827585,887.4865900383141,0.6973180076628354,-17.233716475095786,0.896551724137931,1640.3788505747125,-52.39908045977012,-12.880919540229886,-12.255632183908045,380.37490421455936,-6.344252873563219,-0.6879310344827587,-1.0446360153256704,988.6083524904215,-29.444597701149426,7.780076628352491,2.693103448275862,590.7513409961686,-13.740421455938698,10.558429118773946,2.4588122605363987,1007.6467816091954,19.575325670498085,9.718735632183908,-21.64314176245211,924.9934099616858,13.861609195402298,3.3546360153256707,-7.215632183908045,1183.2408812260537,24.769808429118775,0.31364367816091954,-0.5629501915708812,1114.9203448275862,20.794022988505745,-17.292988505747125,6.0472413793103446,1236.4344444444446,-13.10214559386973,9.450727969348659,23.949003831417624,1013.0557471264367,-23.261800766283525,-21.878199233716472,-11.155287356321839,685.5014559386972,-23.203678160919544,-8.77977011494253,-5.382835249042146,686.5733333333333,4.023333333333333,-5.496666666666666,23.403333333333332,863.6029118773946,-6.625134099616858,11.057777777777778,0.04766283524904214,687.0006130268199,10.674176245210727,7.706666666666667,4.91632183908046,1573.1394636015325,26.008275862068967,22.757241379310347,-31.06544061302682,689.96,16.81555555555556,7.572222222222222,4.386666666666666,1073.9793103448276,29.37103448275862,9.117931034482758,19.042758620689654,918.2737164750957,7.092107279693487,-16.111417624521074,-10.792337164750958
174.12873160476522,5.172599859845831,-12.432796075683253,0.695865451997197,170.6257673440785,0.13406447091800983,-3.3133076384022426,0.17236860546601263,311.70110021023123,-9.956755430974072,-2.44760336370007,-2.3287876664330764,72.08185704274702,-1.2022494744218641,-0.13036440084092502,-0.19796075683251577,184.52197617379116,-5.495781359495445,1.452137351086195,0.5026629292221444,112.77180098107918,-2.622985283812193,2.0155571128241063,0.46937631394533985,186.75849334267693,3.6281149264190606,1.8012824106517167,-4.011366503153469,177.06801681850033,2.653475823405746,0.6421653819201121,-1.3812613875262787,224.56141555711284,4.70093903293623,0.059524877365101606,-0.10683952347582341,212.0947442186405,3.9557112824106517,-3.289698668535389,1.150385423966363,235.66554309740712,-2.497281009110021,1.8013174491941135,4.564702172389628,192.59558514365804,-4.4223826208829715,-4.159341275402943,-2.120770847932726,128.41239663629992,-4.346657323055361,-1.6446811492641906,-1.0083461807988787,132.53732305536087,0.7766713384723195,-1.0610861948142956,4.517820602662929,161.12831814996494,-1.2360967063770145,2.06312543798178,0.008892782060266292,129.02282410651716,2.004674141555711,1.4473580939032937,0.9233146461107219,301.15725297827606,4.978948843728101,4.356580238262088,-5.947077785564121,128.509152067274,3.1319971969166085,1.4103714085494043,0.8170427470217237,201.74863349684654,5.517393132445691,1.7128170988086893,3.577210932025227,173.96361597757536,1.3435739313244568,-3.052249474421864,-2.044569025928521
304.76446833930703,9.05321385902031,-21.760191158900838,1.217921146953405,298.2439426523298,0.23433691756272404,-5.791469534050179,0.30129032258064514,545.6797371565112,-17.430800477897254,-4.284898446833931,-4.07689366786141,125.38933094384707,-2.091362007168459,-0.2267741935483871,-0.3443608124253285,319.72258064516126,-9.52258064516129,2.5161290322580645,0.8709677419354839,195.92432497013144,-4.55704898446834,3.501732377538829,0.8154719235364396,322.42143369175625,6.263608124253285,3.109749103942652,-6.9252568697729995,308.5177777777777,4.623333333333333,1.1188888888888888,-2.4066666666666667,388.12788530465946,8.125017921146954,0.10288172043010751,-0.1846594982078853,369.1333333333334,6.8845878136200716,-5.725448028673835,2.0021505376344084,412.23967741935485,-4.368387096774193,3.1509677419354842,7.98483870967742,334.934229390681,-7.690764635603346,-7.233321385902031,-3.6881362007168463,221.90767025089602,-7.511397849462367,-2.8421505376344087,-1.7425089605734767,231.0291039426523,1.3538351254480285,-1.849605734767025,7.875125448028673,278.8204540023895,-2.1389725209080046,3.5700836320191156,0.015388291517323776,224.6037275985663,3.4897491039426525,2.5195698924731182,1.6073118279569893,524.889366786141,8.677849462365591,7.593118279569892,-10.36520908004779,222.25204301075271,5.416678614097969,2.4391875746714455,1.413046594982079,350.63978494623655,9.589247311827958,2.9768817204301072,6.217204301075268,302.9945997610514,2.3401194743130227,-5.316140979689367,-3.5610513739545997
294.5378627671541,8.749426321709786,-21.030011248593926,1.177052868391451,287.9140269966254,0.2262204724409449,-5.5908773903262095,0.2908548931383577,527.4834083239595,-16.849550056242972,-4.142013498312711,-3.940944881889764,119.90220472440944,-1.9998425196850396,-0.2168503937007874,-0.3292913385826772,306.2239820022497,-9.120539932508436,2.4098987626546684,0.8341957255343082,187.9099662542182,-4.370641169853768,3.358492688413948,0.7821147356580427,309.31764904386955,6.009043869516311,2.9833633295838022,-6.643802024746907,297.2116085489314,4.453903262092238,1.0778852643419572,-2.3184701912260968,375.18977502812146,7.854173228346458,0.09945219347581552,-0.17850393700787404,354.1615748031496,6.6053543307086615,-5.493228346456692,1.9209448818897636,397.45103487064114,-4.211676040494938,3.03793025871766,7.698391451068616,321.4047806524185,-7.380101237345332,-6.941136107986501,-3.539156355455568,212.46884139482563,-7.191901012373454,-2.721259842519685,-1.6683914510686164,222.96710911136105,1.306591676040495,-1.7850618672665914,7.6003149606299205,265.97632170978625,-2.0404386951631044,3.4056242969628796,0.014679415073115862,215.65349831271092,3.3506861642294714,2.419167604049494,1.5432620922384703,504.18065241844766,8.335478065241844,7.2935433070866145,-9.956265466816646,213.413183352081,5.201259842519685,2.3421822272215973,1.3568503937007874,336.867266591676,9.21259842519685,2.8599550056242964,5.973003374578178,291.033340832396,2.2477390326209226,-5.106276715410573,-3.4204724409448817
686.1592987012986,20.38277922077922,-48.99179220779221,2.742077922077922,671.9931428571429,0.528,-13.049142857142858,0.6788571428571429,1229.590987012987,-39.27716883116884,-9.655246753246754,-9.186545454545454,278.80392207792204,-4.650155844155845,-0.5042337662337663,-0.7656883116883116,711.8187272727273,-21.20072727272727,5.6018181818181825,1.9390909090909092,439.2056103896104,-10.215584415584416,7.849870129870129,1.828051948051948,720.6977142857143,14.000831168831168,6.951116883116883,-15.479792207792208,692.7415584415585,10.38116883116883,2.5123376623376625,-5.403896103896104,876.2833506493506,18.344,0.23227792207792208,-0.41690909090909095,826.798987012987,15.420363636363637,-12.82407792207792,4.484493506493505,923.1332727272727,-9.782181818181817,7.056,17.880545454545455,752.1942857142857,-17.271896103896104,-16.24457142857143,-8.282805194805196,495.72038961038953,-16.77974025974026,-6.34909090909091,-3.892597402597403,517.0542337662338,3.0299480519480517,-4.139506493506493,17.624909090909092,616.9872467532467,-4.733220779220779,7.900051948051948,0.03405194805194805,503.20101298701303,7.818415584415585,5.6448311688311685,3.601012987012987,1172.795844155844,19.389506493506495,16.965818181818182,-23.15968831168831,497.25163636363635,12.118909090909092,5.457272727272726,3.161454545454545,786.1542857142856,21.499636363636366,6.6743376623376625,13.939324675324674,678.8292987012987,5.242805194805195,-11.910285714285715,-7.978181818181818
