8.981066319895968,0.26678803641092325,-0.6412483745123537,0.03589076723016905,5.329180754226268,0.004187256176853056,-0.10348504551365409,0.005383615084525357,12.451768530559168,-0.3977503250975293,-0.09777633289986996,-0.0930299089726918,2.135487646293888,-0.03561768530559168,-0.0038621586475942786,-0.005864759427828348,4.940663198959688,-0.1471521456436931,0.03888166449934981,0.013459037711313394,2.655656697009103,-0.06176853055916775,0.04746423927178153,0.011053315994798439,4.75260078023407,0.09232769830949285,0.045838751625487645,-0.10208062418725618,6.651365409622886,0.0996749024707412,0.0241222366710013,-0.05188556566970091,8.035708712613784,0.1682184655396619,0.002130039011703511,-0.0038231469440832256,7.3795318595578685,0.13763328998699612,-0.11446033810143043,0.040026007802340696,7.036553966189857,-0.07456436931079323,0.05378413524057217,0.13629388816644994,6.855331599479844,-0.15741222366710012,-0.14804941482444733,-0.07548764629388817,4.093732119635891,-0.13856957087126137,-0.052431729518855656,-0.032145643693107934,6.932431729518855,0.04062418725617685,-0.05550065019505852,0.2363068920676203,4.712353706111834,-0.03615084525357607,0.06033810143042913,0.0002600780234070221,5.0425877763329,0.07834850455136541,0.056566970091027305,0.03608582574772432,11.552925877763327,0.19100130039011703,0.1671261378413524,-0.2281404421326398,4.8106111833550065,0.11724317295188558,0.05279583875162549,0.030585175552665798,6.230949284785435,0.17040312093628088,0.052899869960988284,0.11048114434330299,5.886293888166451,0.04546163849154747,-0.10327698309492846,-0.06918075422626788,1
14.149319371727747,0.42031413612565444,-1.010261780104712,0.05654450261780105,10.261675392670156,0.008062827225130891,-0.1992670157068063,0.01036649214659686,20.877319371727744,-0.6668900523560211,-0.1639371727748691,-0.15597905759162303,5.940335078534031,-0.09907853403141362,-0.0107434554973822,-0.01631413612565445,8.475717277486911,-0.2524397905759162,0.06670157068062828,0.023089005235602096,4.063015706806283,-0.09450261780104711,0.07261780104712041,0.016910994764397905,10.715497382198953,0.2081675392670157,0.10335078534031412,-0.23015706806282724,12.395120418848165,0.18574869109947642,0.04495287958115183,-0.09669109947643978,15.406282722513089,0.3225130890052356,0.004083769633507853,-0.007329842931937174,12.654816753926703,0.23602094240837698,-0.19628272251308898,0.06863874345549738,16.274921465968585,-0.17246073298429318,0.1243979057591623,0.31523560209424084,10.304293193717278,-0.23660732984293195,-0.22253403141361255,-0.11346596858638744,7.142240837696335,-0.24175916230366495,-0.09147643979057592,-0.056083769633507856,12.052565445026177,0.07062827225130891,-0.09649214659685863,0.4108376963350785,8.537748691099477,-0.06549738219895287,0.10931937172774868,0.0004712041884816754,8.770617801047122,0.13627225130890053,0.09838743455497381,0.06276439790575916,21.34178010471204,0.3528376963350785,0.3087329842931937,-0.4214450261780105,10.237570680628274,0.24950785340314136,0.11235602094240837,0.06508900523560208,9.198534031413613,0.2515602094240838,0.07809424083769634,0.16309947643979056,10.976502617801048,0.08477486910994765,-0.19258638743455497,-0.12900523560209423,1
21.74836086404066,0.6460482846251588,-1.5528335451080053,0.08691232528589579,16.640698856416773,0.013074968233799238,-0.323138500635324,0.016810673443456162,35.50090216010165,-1.134015247776366,-0.27876747141041935,-0.26523506988564166,10.053837357052096,-0.1676874205844981,-0.01818297331639136,-0.027611181702668363,16.58196950444727,-0.49387547649301144,0.13049555273189328,0.045171537484116904,6.746785260482847,-0.15692503176620076,0.12058449809402794,0.028081321473951714,21.73345616264295,0.4222109275730622,0.20961880559085133,-0.46681067344345617,22.65448538754765,0.3394917407878018,0.08216010165184244,-0.17672172808132144,28.229517153748414,0.5909529860228716,0.0074828462515883105,-0.013430749682337992,26.305883100381195,0.49062261753494285,-0.40801778907242686,0.1426810673443456,24.869250317662004,-0.26353240152477764,0.1900889453621347,0.48170266836086406,18.90476493011436,-0.4340914866581957,-0.408271918678526,-0.20817026683608642,17.33377382465057,-0.5867344345616264,-0.22200762388818296,-0.13611181702668362,21.24533672172808,0.12449809402795424,-0.17008894536213467,0.7241931385006353,18.188068614993647,-0.13952986022871663,0.2328843710292249,0.0010038119440914867,12.613773824650574,0.19598475222363407,0.14149936467598476,0.09026683608640407,32.75933926302414,0.5416010165184244,0.4739008894536213,-0.6469123252858958,18.970216010165185,0.46233799237611184,0.20819567979669631,0.12060991105463786,18.26531130876747,0.4995171537484117,0.15506988564167726,0.32386277001270647,19.22266836086404,0.1484625158831004,-0.3372681067344346,-0.22592121982210925,1
26.85293588301462,0.7976827896512936,-1.9173003374578177,0.10731158605174353,21.846591676040493,0.017165354330708663,-0.42422947131608546,0.022069741282339708,45.14962879640045,-1.4422272215973004,-0.354533183352081,-0.3373228346456693,10.747536557930259,-0.1792575928008999,-0.019437570303712036,-0.02951631046119235,19.882260967379075,-0.5921709786276714,0.15646794150731158,0.05416197975253093,9.418470191226097,-0.219066366704162,0.16833520809898764,0.03920134983127109,24.99536557930259,0.4855793025871765,0.2410798650168729,-0.536872890888639,26.795073115860514,0.40154105736782897,0.09717660292463443,-0.20902137232845894,34.75511811023622,0.7275590551181104,0.00921259842519685,-0.01653543307086614,29.907502812148483,0.5577952755905512,-0.46388076490438696,0.16221597300337456,31.340224971878513,-0.332103487064117,0.23955005624296963,0.6070416197975252,22.797469066366705,-0.5234758155230597,-0.49233970753655787,-0.25103487064116986,18.88611923509561,-0.6392800899887514,-0.24188976377952756,-0.14830146231721036,24.2592575928009,0.14215973003374577,-0.19421822272215972,0.8269291338582677,19.566074240719907,-0.15010123734533182,0.25052868391451066,0.0010798650168728908,15.353970753655794,0.23856017997750284,0.1722384701912261,0.10987626546681666,38.9941507311586,0.6446794150731159,0.5640944881889765,-0.7700337457817772,20.954915635545557,0.5107086614173229,0.22997750281214846,0.1332283464566929,22.90697412823397,0.6264566929133859,0.19447694038245217,0.4061642294713161,22.778852643419576,0.17592800899887515,-0.3996625421822272,-0.26771653543307083,1
38.56902203856749,1.1457162534435261,-2.7538292011019285,0.15413223140495866,30.432947658402203,0.023911845730027553,-0.5909641873278237,0.030743801652892564,67.0303994490358,-2.141170798898072,-0.5263498622589532,-0.5007988980716254,16.24505509641873,-0.2709504132231405,-0.029380165289256202,-0.044614325068870524,31.62728650137741,-0.9419834710743802,0.24889807162534439,0.08615702479338844,15.1899173553719,-0.35330578512396693,0.27148760330578514,0.06322314049586776,37.45363636363636,0.727603305785124,0.3612396694214876,-0.8044628099173555,40.661542699724514,0.6093388429752066,0.147465564738292,-0.31719008264462806,49.6513085399449,1.0393939393939393,0.013161157024793388,-0.023622589531680442,42.55710743801653,0.7937190082644628,-0.6600826446280992,0.23082644628099172,43.927011019283746,-0.46548209366391186,0.33575757575757575,0.850840220385675,36.95227272727273,-0.8484986225895317,-0.7980303030303031,-0.406900826446281,30.17271349862259,-1.0213223140495868,-0.38644628099173556,-0.23692837465564737,37.215812672176305,0.2180853994490358,-0.2979476584022039,1.2685812672176309,30.697479338842975,-0.23549586776859505,0.39305785123966935,0.0016942148760330578,24.997066115702484,0.38838842975206617,0.2804132231404959,0.17888429752066115,53.26776859504132,0.8806611570247934,0.7705785123966943,-1.051900826446281,32.57504132231405,0.7939118457300275,0.3575068870523416,0.2071074380165289,34.833333333333336,0.9526170798898072,0.2957300275482094,0.6176308539944904,34.12804407713499,0.26358126721763087,-0.5987878787878788,-0.40110192837465564,1
36.70457964601769,1.0903318584070796,-2.6207079646017704,0.14668141592920353,32.02903761061947,0.025165929203539827,-0.6219579646017699,0.03235619469026549,67.03599557522124,-2.141349557522124,-0.5263938053097346,-0.5008407079646018,15.35837389380531,-0.2561615044247788,-0.027776548672566376,-0.042179203539823004,35.63279867256637,-1.061283185840708,0.28042035398230086,0.09706858407079647,15.81349557522124,-0.3678097345132743,0.28263274336283184,0.06581858407079647,35.73892699115044,0.69429203539823,0.34470132743362825,-0.7676327433628319,37.34329646017699,0.559612831858407,0.13543141592920355,-0.29130530973451324,46.3850110619469,0.9710176991150443,0.012295353982300885,-0.022068584070796465,42.5475,0.7935398230088496,-0.659933628318584,0.2307743362831858,40.881338495575214,-0.4332079646017699,0.3124778761061947,0.7918473451327435,38.35884955752213,-0.8807964601769912,-0.8284070796460177,-0.42238938053097347,32.93759955752212,-1.1149115044247788,-0.42185840707964606,-0.25863938053097346,31.898318584070793,0.18692477876106195,-0.25537610619469026,1.0873230088495573,32.06902654867257,-0.24601769911504423,0.41061946902654867,0.001769911504424779,25.73727876106195,0.39988938053097345,0.288716814159292,0.18418141592920356,50.10176991150443,0.8283185840707964,0.7247787610619469,-0.9893805309734514,30.253141592920354,0.7373230088495576,0.33202433628318584,0.19234513274336282,32.98053097345132,0.9019469026548673,0.27999999999999997,0.5847787610619469,33.86486725663717,0.26154867256637165,-0.5941703539823009,-0.3980088495575221,1
57.22825112107623,1.7,-4.086098654708521,0.22869955156950672,49.00615844544096,0.0385052316890882,-0.9516292974588938,0.0495067264573991,101.95575485799701,-3.256801195814649,-0.8005979073243648,-0.7617339312406577,24.323781763826606,-0.40569506726457405,-0.043991031390134536,-0.06680119581464873,56.54485799701047,-1.6841255605381167,0.4449925261584454,0.15403587443946187,27.16828101644245,-0.6319133034379671,0.485575485799701,0.11307922272047831,53.10040358744394,1.0315695067264574,0.5121524663677129,-1.1405381165919282,56.35892376681613,0.8445739910313901,0.20439461883408072,-0.4396412556053811,71.03585949177877,1.4870553064275038,0.018829596412556052,-0.033796711509716,61.420313901345295,1.1455306427503738,-0.9526606875934229,0.33313901345291475,66.94405082212258,-0.7093871449925261,0.5116890881913303,1.2966666666666666,59.0127802690583,-1.355052316890882,-1.2744544095665171,-0.6498206278026906,47.64470852017937,-1.6127354260089688,-0.6102242152466368,-0.37412556053811663,44.18989536621824,0.2589536621823617,-0.35378176382660687,1.506307922272048,50.375695067264566,-0.386457399103139,0.6450224215246636,0.002780269058295964,38.951390134529156,0.6052017937219731,0.4369506726457399,0.2787443946188341,82.2828101644245,1.3603587443946188,1.1903139013452915,-1.6248729446935724,44.829955156950675,1.0925859491778775,0.4920029895366218,0.28502242152466367,52.72272047832586,1.4418535127055307,0.4476083707025411,0.9348281016442451,50.568131539611365,0.3905530642750374,-0.8872346786248131,-0.5943198804185351,1
55.30987699876998,1.6430135301353013,-3.949126691266913,0.2210332103321033,47.77766297662976,0.037539975399754004,-0.9277736777367773,0.04826568265682657,99.22453874538743,-3.169557195571956,-0.7791512915129152,-0.7413284132841329,22.769938499384992,-0.37977859778597794,-0.041180811808118084,-0.06253382533825338,50.39006150061501,-1.5008118081180812,0.39655596555965567,0.13726937269372694,26.877662976629768,-0.6251537515375154,0.4803813038130381,0.11186961869618696,46.392398523985236,0.9012546125461254,0.44745387453874536,-0.9964575645756457,53.56669126691266,0.8027306273062731,0.1942681426814268,-0.41785977859778595,65.14981549815498,1.3638376383763837,0.017269372693726935,-0.030996309963099634,56.61675276752767,1.055940959409594,-0.8781549815498154,0.30708487084870845,65.5660393603936,-0.6947847478474785,0.5011562115621156,1.2699753997539975,54.61236162361624,-1.254009840098401,-1.179421894218942,-0.6013653136531366,40.49651906519065,-1.3707749077490776,-0.5186715867158672,-0.31799507995079956,43.814317343173435,0.25675276752767523,-0.3507749077490775,1.4935055350553506,43.904587945879456,-0.3368142681426814,0.5621648216482165,0.002423124231242312,39.11137761377614,0.6076875768757688,0.43874538745387454,0.27988929889298897,79.27921279212791,1.31070110701107,1.1468634686346864,-1.5655596555965559,39.977269372693726,0.9743173431734318,0.43874538745387454,0.25416974169741696,49.9329643296433,1.3655596555965561,0.42392373923739235,0.8853628536285363,46.739581795817955,0.36098400984009843,-0.820061500615006,-0.5493234932349323,1
68.41559556786703,2.032326869806094,-4.8848753462603876,0.2734072022160665,57.871481994459835,0.04547091412742383,-1.123781163434903,0.058462603878116345,123.17626038781162,-3.934653739612189,-0.9672299168975069,-0.9202770083102493,28.53465373961219,-0.47592797783933516,-0.05160664819944599,-0.07836565096952908,64.74898891966758,-1.9284764542936286,0.5095567867036012,0.17638504155124654,33.37667590027701,-0.7763157894736842,0.5965373961218836,0.1389196675900277,58.718975069252075,1.140720221606648,0.5663434903047091,-1.261218836565097,67.40252077562326,1.0100692520775623,0.2444459833795014,-0.5257894736842105,81.51246537396122,1.706371191135734,0.021606648199445983,-0.03878116343490305,71.17591412742382,1.3274792243767313,-1.1039750692520776,0.3860526315789473,78.61369806094183,-0.8330470914127425,0.6008864265927978,1.5227008310249308,69.7707756232687,-1.60207756232687,-1.5067867036011078,-0.7682825484764544,53.231038781163434,-1.8018282548476456,-0.6817728531855956,-0.41799168975069256,57.055955678670365,0.3343490304709141,-0.45678670360110807,1.9448753462603878,55.46120498614958,-0.4254709141274238,0.7101385041551246,0.0030609418282548477,50.700775623268704,0.7877562326869806,0.568753462603878,0.36282548476454296,96.26842105263157,1.591578947368421,1.3926315789473684,-1.9010526315789473,50.871689750692525,1.2398337950138505,0.5583102493074792,0.3234349030470914,62.30997229916897,1.70404432132964,0.5290027700831024,1.104819944598338,57.745152354570635,0.44598337950138506,-1.013157894736842,-0.6786703601108033,1
72.2256698240866,2.1455074424898513,-5.156914749661705,0.2886332882273342,60.63906630581868,0.047645466847090666,-1.1775236806495264,0.06125845737483085,130.46001353179972,-4.167320703653586,-1.024424898511502,-0.9746955345060893,31.110500676589986,-0.5188903924221921,-0.05626522327469554,-0.08543978349120432,71.75370771312585,-2.137104194857916,0.5646820027063599,0.1954668470906631,33.990608930987825,-0.790595399188092,0.607510148849797,0.14147496617050068,66.6658051420839,1.2951014884979701,0.6429905277401894,-1.4319079837618405,72.57561569688768,1.0875913396481733,0.2632070365358593,-0.5661434370771312,86.80470906630582,1.8171583220568337,0.023009472259810558,-0.04129905277401895,78.0709201623816,1.4560757780784843,-1.2109201623815966,0.42345060893098774,81.47901217861975,-0.8634100135317997,0.622787550744249,1.5782002706359946,74.50676589986467,-1.7108254397834912,-1.6090663058186738,-0.8204330175913397,59.81635994587279,-2.0247361299052775,-0.7661163734776725,-0.469702300405954,62.95729364005413,0.36893098782138023,-0.5040324763193506,2.1460351826792965,63.25713125845737,-0.4852774018944519,0.8099594046008118,0.0034912043301759134,53.73228687415427,0.8348579161028418,0.6027604871447902,0.38451962110960763,99.23978349120432,1.640703653585927,1.435615696887686,-1.9597293640054128,58.81932341001354,1.4335317997293642,0.6455345060893098,0.3739648173207037,66.82016238159675,1.827388362652233,0.5672936400541272,1.1847902571041948,62.54202976995941,0.48303112313937757,-1.097320703653586,-0.7350473612990527,1
82.60885431400281,2.453946251768034,-5.898274398868458,0.3301272984441301,69.81026874115983,0.05485148514851485,-1.3556152758132956,0.07052333804809052,147.86773691654878,-4.7233804809052335,-1.161117397454031,-1.1047524752475246,34.41905233380481,-0.5740735502121641,-0.06224893917963226,-0.09452616690240452,85.28196605374823,-2.54002828854314,0.6711456859971712,0.23231966053748232,39.57304101838755,-0.9204384724186704,0.7072842998585573,0.1647100424328147,74.2322630834512,1.442093352192362,0.715968882602546,-1.5944271570014144,81.23482319660538,1.2173550212164073,0.29461103253182463,-0.6336916548797736,96.76867043847241,2.0257425742574258,0.025650636492220654,-0.046039603960396046,88.14479490806224,1.6439603960396039,-1.367171145685997,0.4780905233380481,94.7746251768034,-1.0042998585572842,0.7244130127298444,1.8357284299858556,84.3413719943423,-1.9366478076379068,-1.8214568599717114,-0.9287270155586987,65.12117397454031,-2.204299858557284,-0.834059405940594,-0.5113578500707214,69.06291371994342,0.4047100424328147,-0.5529137199434229,2.354158415841584,73.0398161244696,-0.5603253182461103,0.9352192362093351,0.004031117397454031,59.235785007072145,0.9203677510608205,0.6644978783592645,0.42390381895332396,115.80480905233381,1.9145685997171145,1.6752475247524754,-2.286845827439887,64.09782178217823,1.5621782178217822,0.7034653465346534,0.40752475247524755,80.0106082036775,2.1881188118811883,0.6792786421499292,1.4186704384724187,73.79711456859972,0.56995756718529,-1.2947949080622347,-0.8673267326732672,1
70.5278107810781,2.095071507150715,-5.0356875687568765,0.28184818481848184,60.765456545654565,0.04774477447744775,-1.17997799779978,0.061386138613861385,126.98525852585257,-4.056325632563257,-0.9971397139713971,-0.9487348734873488,29.726611661166114,-0.4958085808580859,-0.05376237623762377,-0.08163916391639163,71.05532453245324,-2.1163036303630363,0.5591859185918592,0.19356435643564357,32.57634763476348,-0.7577007700770076,0.5822332233223322,0.13558855885588558,65.45580858085809,1.2715951595159514,0.6313201320132014,-1.4059185918591859,69.61344334433443,1.0432013201320132,0.2524642464246425,-0.5430363036303629,81.90074807480748,1.7144994499449946,0.02170957095709571,-0.03896589658965897,75.14686468646865,1.4015401540154016,-1.1655665566556657,0.4075907590759075,82.45283828382837,-0.8737293729372938,0.6302310231023103,1.597062706270627,72.81600660066006,-1.6720022002200219,-1.5725522552255224,-0.8018151815181518,55.41174917491749,-1.8756435643564358,-0.7097029702970297,-0.4351155115511551,60.38006600660066,0.35382838283828383,-0.48339933993399337,2.058184818481848,60.79532453245324,-0.4663916391639164,0.7784378437843783,0.0033553355335533557,51.362057205720575,0.7980308030803082,0.5761716171617162,0.3675577557755776,101.18547854785477,1.6728712871287128,1.4637623762376237,-1.998151815181518,56.103762376237626,1.3673487348734874,0.6157315731573156,0.3566996699669967,68.23388338833884,1.8660506050605061,0.5792959295929592,1.20985698569857,63.29478547854785,0.48884488448844887,-1.1105280528052803,-0.7438943894389438,1
77.72147902869756,2.308763796909492,-5.5493156732891835,0.3105960264900662,64.70333333333333,0.050838852097130245,-1.2564459161147903,0.06536423841059602,137.68506622516554,-4.398112582781457,-1.081158940397351,-1.0286754966887417,32.29673289183223,-0.5386754966887417,-0.05841059602649007,-0.08869757174392937,76.94280353200882,-2.2916556291390724,0.6055187637969095,0.2096026490066225,34.71289183222958,-0.8073951434878587,0.6204194260485651,0.1444812362030905,75.5153642384106,1.4670198675496688,0.7283443708609272,-1.6219867549668874,74.84432671081677,1.12158940397351,0.2714348785871965,-0.5838410596026489,91.42846578366446,1.913951434878587,0.024235099337748346,-0.04349889624724062,84.21119205298012,1.5705960264900662,-1.3061589403973508,0.4567549668874171,87.6817880794702,-0.929139072847682,0.6701986754966888,1.6983443708609272,79.00513245033113,-1.8141169977924945,-1.70621412803532,-0.8699668874172186,62.97897350993377,-2.1317880794701987,-0.8066225165562914,-0.4945364238410596,66.7316114790287,0.3910485651214128,-0.5342494481236203,2.274690949227373,66.79631346578367,-0.5124282560706401,0.8552759381898455,0.0036865342163355406,55.81220750551877,0.8671743929359824,0.6260927152317881,0.3994039735099338,110.74966887417219,1.8309933774834435,1.6021192052980133,-2.187019867549669,62.70596026490066,1.5282560706401767,0.6881898454746137,0.3986754966887417,76.39293598233995,2.089183222958057,0.6485651214128034,1.3545253863134659,70.20980132450332,0.5422516556291391,-1.2318543046357615,-0.8251655629139072,1
95.60527741935483,2.8400129032258064,-6.8262193548387105,0.3820645161290322,80.00856774193548,0.06286451612903227,-1.5536516129032256,0.0808258064516129,170.26712258064515,-5.4388903225806455,-1.3370064516129032,-1.2721032258064515,42.37909677419354,-0.7068387096774195,-0.07664516129032259,-0.11638709677419354,96.12992258064516,-2.8631225806451615,0.7565161290322582,0.2618709677419355,42.16154838709677,-0.9806451612903225,0.7535483870967742,0.17548387096774193,100.72962580645161,1.9568516129032258,0.9715354838709677,-2.1635612903225807,93.71816774193547,1.404425806451613,0.339883870967742,-0.7310709677419354,116.18523870967742,2.4322064516129034,0.030797419354838707,-0.055277419354838715,104.81880000000001,1.9549419354838709,-1.6257935483870969,0.5685290322580645,108.89069677419354,-1.153883870967742,0.8323096774193548,2.109148387096774,99.76645161290323,-2.290838709677419,-2.1545806451612903,-1.0985806451612903,79.3790064516129,-2.6869161290322583,-1.0166709677419354,-0.6233161290322581,84.73383225806452,0.49654193548387093,-0.6783741935483871,2.888335483870968,84.63326451612903,-0.6492645161290322,1.0836645161290321,0.004670967741935484,69.84953548387098,1.0852774193548387,0.7835612903225806,0.4998580645161291,135.5388387096774,2.2408258064516127,1.9607225806451611,-2.676541935483871,79.61295483870968,1.940309677419355,0.8737419354838709,0.5061677419354839,97.72116129032257,2.672464516129032,0.8296387096774193,1.7326967741935482,89.14787096774194,0.6885161290322581,-1.5641290322580643,-1.047741935483871,1
85.42175789473684,2.537505263157895,-6.099115789473685,0.3413684210526316,72.11601052631579,0.056663157894736846,-1.4003894736842104,0.07285263157894736,150.7764631578947,-4.816294736842106,-1.183957894736842,-1.126484210526316,36.30104210526316,-0.6054631578947369,-0.06565263157894738,-0.09969473684210525,83.63830526315789,-2.491073684210526,0.6582105263157896,0.2278421052631579,37.404505263157894,-0.87,0.6685263157894737,0.15568421052631579,89.71449473684211,1.742863157894737,0.8652947368421052,-1.9269684210526317,81.3769052631579,1.2194842105263157,0.2951263157894737,-0.6347999999999999,100.51302105263157,2.1041263157894736,0.02664315789473684,-0.04782105263157895,93.91727368421053,1.751621052631579,-1.4567052631578947,0.5094,96.8303894736842,-1.0260842105263157,0.7401263157894737,1.8755473684210526,89.28063157894738,-2.0500631578947366,-1.9281263157894735,-0.9831157894736843,68.2084,-2.3088,-0.8735999999999999,-0.5356,75.1192,0.4402,-0.6014,2.5606,74.38326315789475,-0.5706315789473684,0.952421052631579,0.004105263157894737,60.7378105263158,0.9437052631578948,0.6813473684210526,0.4346526315789474,123.04021052631579,2.0341894736842105,1.7799157894736843,-2.4297263157894733,69.39776842105263,1.691347368421053,0.7616315789473683,0.4412210526315789,86.86526315789473,2.3755789473684215,0.7374736842105262,1.5402105263157893,78.24303157894737,0.6042947368421053,-1.3727999999999998,-0.9195789473684209,1
105.68106796116504,3.139320388349515,-7.545631067961166,0.4223300970873786,91.25237864077671,0.07169902912621359,-1.7719902912621357,0.09218446601941747,184.65679611650484,-5.898543689320389,-1.45,-1.3796116504854368,44.38841019417475,-0.7403519417475729,-0.08027912621359223,-0.12190533980582523,101.03854368932038,-3.0093203883495145,0.7951456310679612,0.275242718446602,45.10684466019418,-1.0491504854368932,0.8061893203883495,0.18774271844660192,107.69093446601941,2.0920873786407768,1.0386771844660194,-2.3130825242718447,100.91463592233008,1.512269417475728,0.36598300970873787,-0.7872087378640776,123.9177427184466,2.5940776699029127,0.032847087378640775,-0.058956310679611657,114.65523058252428,2.1383980582524273,-1.7783616504854367,0.6218810679611649,121.69688106796116,-1.2895873786407765,0.9301941747572816,2.3571966019417476,112.7426577669903,-2.5887985436893204,-2.4348179611650482,-1.2414684466019419,80.86694174757281,-2.7372815533980583,-1.0357281553398057,-0.635,93.07558252427184,0.5454247572815534,-0.7451577669902912,3.1726820388349513,89.9353276699029,-0.6899393203883495,1.1515533980582522,0.004963592233009709,76.4255582524272,1.1874514563106797,0.8573300970873786,0.5469174757281554,153.05922330097087,2.530485436893204,2.2141747572815533,-3.0225242718446603,84.0180582524272,2.0476699029126215,0.9220873786407766,0.5341747572815534,104.99393203883496,2.871359223300971,0.891383495145631,1.8616504854368932,95.70077669902913,0.7391262135922331,-1.6791019417475728,-1.124757281553398,1
109.78076456310679,3.261104368932039,-7.838349514563107,0.4387135922330097,95.36089805825243,0.07492718446601943,-1.851771844660194,0.09633495145631067,194.68557038834948,-6.218895631067962,-1.52875,-1.4545388349514563,47.10606796116505,-0.7856796116504855,-0.08519417475728155,-0.12936893203883496,108.25558252427186,-3.2242718446601946,0.8519417475728155,0.2949029126213592,46.59388349514563,-1.0837378640776698,0.832766990291262,0.19393203883495144,118.69066747572816,2.305776699029126,1.1447694174757281,-2.549344660194175,106.76733009708738,1.5999757281553397,0.38720873786407767,-0.8328640776699029,134.27398058252427,2.810873786407767,0.035592233009708735,-0.06388349514563108,122.81756067961165,2.290631067961165,-1.9049635922330095,0.6661529126213592,128.1240412621359,-1.3576941747572815,0.9793203883495146,2.4816868932038836,120.56213592233011,-2.7683495145631065,-2.6036893203883498,-1.3275728155339808,86.43848300970873,-2.925873786407767,-1.1070873786407767,-0.67875,98.22194174757283,0.5755825242718446,-0.786359223300971,3.348106796116505,95.65248786407766,-0.7337985436893204,1.224757281553398,0.005279126213592234,80.1903640776699,1.2459466019417478,0.8995631067961165,0.5738592233009709,161.30412621359224,2.6667961165048544,2.3334466019417475,-3.1853398058252425,90.75233009708738,2.2117961165048547,0.9959951456310678,0.576990291262136,115.49332524271844,3.158495145631068,0.9805218446601941,2.0478155339805824,101.6278640776699,0.7849029126213592,-1.7830946601941748,-1.1944174757281552,1
100.6885108583247,2.991013443640124,-7.1891623578076524,0.4023784901758014,87.43165460186142,0.06869700103412617,-1.697797311271975,0.08832471561530507,175.79764219234744,-5.615553257497416,-1.3804343329886248,-1.3134229576008272,42.455791106514994,-0.7081178903826268,-0.07678386763185109,-0.11659772492244054,98.22569803516029,-2.9255429162357807,0.7730093071354706,0.2675801447776629,42.87141675284384,-0.9971561530506722,0.7662357807652533,0.17843846949327816,109.90706308169597,2.1351396070320576,1.0600517063081696,-2.360682523267839,97.0236608066184,1.453960703205791,0.3518717683557394,-0.7568562564632884,122.93799379524302,2.573567735263702,0.03258738366080662,-0.05849017580144778,113.4580765253361,2.1160703205791105,-1.7597931747673214,0.6153877973112719,116.43964839710445,-1.2338779731127199,0.8900103412616339,2.255367114788004,109.15423991726992,-2.506401240951396,-2.3573216132368144,-1.2019544984488106,77.72534643226473,-2.630941054808687,-0.9954912099276112,-0.6103309203722854,89.58572905894519,0.5249741468459151,-0.7172182006204757,3.053722854188211,85.62960703205792,-0.656907962771458,1.096421923474664,0.004725956566701138,72.66269906928646,1.128986556359876,0.8151189245087901,0.5199896587383661,146.0974146845915,2.4153877973112716,2.113464322647363,-2.8850465356773527,81.84062047569805,1.9946018614270944,0.898190279214064,0.5203309203722853,106.39741468459151,2.9097414684591523,0.9032988624612202,1.886535677352637,93.49749741468459,0.7221096173733196,-1.6404446742502585,-1.0988624612202689,1
134.50871352785146,3.9956631299734746,-9.603925729442972,0.5375331564986737,114.72996021220159,0.09014588859416447,-2.22789124668435,0.11590185676392573,236.59310344827583,-7.557559681697613,-1.8578249336870025,-1.7676392572944297,57.617228116710876,-0.9609946949602123,-0.10420424403183025,-0.15823607427055703,132.9845225464191,-3.96079575596817,1.046551724137931,0.36226790450928387,56.06570291777189,-1.3040450928381964,1.002055702917772,0.23335543766578248,152.20046419098142,2.956763925729443,1.467970822281167,-3.269098143236074,129.85915119363395,1.9460212201591511,0.47095490716180377,-1.012997347480106,168.78972148541115,3.5334217506631305,0.044741379310344824,-0.08030503978779842,151.08429708222812,2.8178249336870023,-2.343395225464191,0.8194694960212201,155.13538461538462,-1.6439257294429708,1.1857824933687002,3.0048806366047742,146.2044429708223,-3.3571485411140585,-3.1574668435013264,-1.6099336870026526,108.03258620689654,-3.6568169761273213,-1.3836604774535808,-0.848315649867374,121.96344827586208,0.7147082228116711,-0.9764323607427056,4.157387267904509,117.50916445623342,-0.9014721485411139,1.5046153846153847,0.006485411140583554,98.94948275862069,1.5374137931034484,1.1099999999999999,0.7081034482758621,193.6068965517241,3.200848806366048,2.800742705570292,-3.823236074270557,111.96907161803715,2.7288859416445623,1.2288461538461537,0.7118832891246685,143.8680371352785,3.9344827586206894,1.221419098143236,2.5509283819628648,126.22928381962865,0.9749071618037136,-2.21473474801061,-1.4835543766578247,1
124.13081112398608,3.687381228273465,-8.862943221320974,0.4960602549246813,106.2266628041715,0.0834646581691773,-2.0627694090382387,0.1073117033603708,223.58177288528387,-7.141935110081113,-1.755654692931634,-1.6704287369640787,51.896871378910774,-0.8655851680185401,-0.09385863267670916,-0.14252607184241017,119.05930475086906,-3.5460486674391656,0.9369640787949015,0.32433371958285057,52.06071842410197,-1.2108922363847046,0.9304750869061413,0.21668597914252608,135.85675550405563,2.6392584009269986,1.3103360370799535,-2.918053302433372,121.58577056778678,1.8220393974507532,0.44095017381228274,-0.9484588644264195,153.94946697566627,3.2227578215527233,0.04080764774044032,-0.07324449594438008,140.0388180764774,2.611819235225956,-2.1720741599072997,0.7595596755504056,148.48168018539977,-1.5734183082271147,1.1349246813441485,2.876002317497103,133.9826767091541,-3.076512166859791,-2.893522595596755,-1.475353418308227,97.57953650057935,-3.3029895712630366,-1.2497798377752027,-0.7662340672074159,113.2979374275782,0.6639281575898031,-0.9070567786790266,3.862004634994206,105.18677867902666,-0.8069409038238702,1.3468366164542294,0.005805330243337196,90.58567786790267,1.4074623406720743,1.0161761297798377,0.6482502896871379,180.6593279258401,2.9867902665121666,2.6134414831981463,-3.567555040556199,101.04194669756663,2.462572421784473,1.1089223638470451,0.6424101969872538,132.48308227114717,3.623128621089224,1.1247624565469292,2.349061413673233,116.22136732329085,0.8976129779837775,-2.0391425260718425,-1.3659327925840092,1
141.39767088607593,4.200303797468354,-10.09579746835443,0.5650632911392405,119.65125316455696,0.09401265822784811,-2.3234556962025317,0.12087341772151898,256.3626329113924,-8.189063291139242,-2.0130632911392405,-1.9153417721518986,60.0939493670886,-1.0023037974683544,-0.10868354430379747,-0.1650379746835443,136.54312658227846,-4.066784810126582,1.0745569620253164,0.3719620253164557,59.197949367088604,-1.3768987341772152,1.0580379746835444,0.24639240506329116,158.95849367088607,3.088050632911392,1.533151898734177,-3.4142531645569623,138.92549367088606,2.081886075949367,0.5038354430379747,-1.0837215189873417,178.79088607594935,3.7427848101265826,0.047392405063291135,-0.08506329113924051,161.4927341772152,3.0119493670886075,-2.5048354430379747,0.8759240506329112,167.30283544303796,-1.7728607594936707,1.2787848101265822,3.2405569620253165,153.03645569620252,-3.514025316455696,-3.3050126582278474,-1.6851645569620253,113.56997468354429,-3.844253164556963,-1.4545822784810125,-0.8917974683544304,130.5153924050633,0.7648227848101264,-1.0448987341772151,4.448898734177216,121.32849367088608,-0.9307721518987341,1.553518987341772,0.00669620253164557,103.27577215189874,1.6046329113924052,1.1585316455696202,0.7390632911392405,205.7324050632911,3.4013164556962026,2.976151898734177,-4.062683544303797,116.5666329113924,2.8409367088607596,1.2793037974683543,0.7411139240506329,150.45354430379746,4.114582278481013,1.2773291139240506,2.6676962025316455,131.48435443037974,1.015493670886076,-2.3069367088607593,-1.5453164556962025,1
157.08525170068026,4.666312925170068,-11.215891156462586,0.6277551020408163,132.72591836734694,0.10428571428571429,-2.57734693877551,0.13408163265306122,285.1832108843537,-9.109687074829933,-2.239374149659864,-2.1306666666666665,67.84062585034013,-1.1315102040816327,-0.12269387755102042,-0.18631292517006803,155.30107482993196,-4.625469387755102,1.2221768707482994,0.4230612244897959,65.8505306122449,-1.5316326530612245,1.176938775510204,0.27408163265306124,179.60485714285716,3.4891428571428573,1.7322857142857142,-3.8577142857142857,156.08149659863946,2.3389795918367344,0.5660544217687075,-1.2175510204081632,201.37793197278913,4.215619047619048,0.0533795918367347,-0.09580952380952382,182.8708979591837,3.4106666666666667,-2.836421768707483,0.9918775510204081,184.83455782312924,-1.9586394557823128,1.4127891156462586,3.580136054421769,171.82000000000002,-3.9453333333333336,-3.710666666666666,-1.8920000000000001,130.99153741496596,-4.43395918367347,-1.6777142857142855,-1.0285986394557822,147.37012244897957,0.8635918367346939,-1.1798367346938774,5.023428571428571,137.55648979591837,-1.0552653061224488,1.7613061224489794,0.007591836734693878,115.22457142857145,1.7902857142857145,1.2925714285714285,0.8245714285714286,226.81551020408162,3.749877551020408,3.281142857142857,-4.479020408163265,131.76048979591837,3.2112380952380954,1.4460544217687075,0.8377142857142857,168.41224489795917,4.605714285714286,1.4297959183673468,2.9861224489795917,146.0232925170068,1.12778231292517,-2.5620272108843536,-1.716190476190476,1
160.47717914438502,4.767072192513369,-11.458074866310161,0.6413101604278074,134.82604278074868,0.10593582887700535,-2.6181283422459893,0.13620320855614973,288.293422459893,-9.20903743315508,-2.26379679144385,-2.153903743315508,69.85494652406418,-1.165106951871658,-0.12633689839572193,-0.19184491978609625,159.88978609625667,-4.762139037433155,1.258288770053476,0.43556149732620325,66.34419786096257,-1.5431149732620322,1.1857620320855613,0.2761363636363636,186.06,3.6145454545454543,1.7945454545454544,-3.9963636363636366,160.01157754010694,2.397874331550802,0.5803074866310161,-1.2482085561497325,206.5327540106952,4.323529411764706,0.05474598930481284,-0.0982620320855615,187.56036096256685,3.4981283422459892,-2.9091577540106948,1.017312834224599,187.7788770053476,-1.9898395721925133,1.4352941176470586,3.6371657754010696,174.15882352941176,-3.9990374331550798,-3.761176470588235,-1.9177540106951871,135.72938502673796,-4.594331550802139,-1.7383957219251336,-1.0658021390374333,150.64010695187167,0.8827540106951871,-1.2060160427807487,5.134893048128342,141.94831550802138,-1.0889572192513368,1.8175401069518717,0.007834224598930482,119.235628342246,1.8526069518716577,1.3375668449197862,0.8532754010695187,232.88770053475935,3.8502673796791442,3.3689839572192515,-4.598930481283422,135.65262032085562,3.306096256684492,1.4887700534759356,0.8624598930481283,173.13676470588234,4.734919786096257,1.4699064171122995,3.0698930481283417,149.5370053475936,1.1549197860962568,-2.623676470588235,-1.7574866310160426,1
150.8618269230769,4.481442307692308,-10.771538461538462,0.6028846153846154,126.56776442307692,0.0994471153846154,-2.457764423076923,0.12786057692307692,269.43453124999996,-8.606622596153848,-2.1157091346153845,-2.0130048076923077,65.314375,-1.0893750000000002,-0.11812500000000001,-0.17937499999999998,148.51216346153845,-4.423269230769231,1.16875,0.4045673076923077,62.34600961538461,-1.4501201923076923,1.1143028846153846,0.2594951923076923,176.0605528846154,3.4202884615384614,1.6981009615384615,-3.781586538461539,151.05817307692308,2.263701923076923,0.5478365384615385,-1.1783653846153845,193.63864182692308,4.053605769230769,0.051328124999999995,-0.09212740384615385,177.0867548076923,3.3027884615384617,-2.7467067307692306,0.9605048076923077,174.90903846153847,-1.8534615384615383,1.3369230769230769,3.387884615384615,162.63010817307693,-3.734314903846154,-3.512199519230769,-1.7908052884615384,128.016875,-4.333269230769231,-1.6396153846153845,-1.0052403846153846,141.984375,0.83203125,-1.13671875,4.83984375,133.93251201923078,-1.0274639423076921,1.7149038461538462,0.007391826923076924,112.41746394230769,1.746670673076923,1.2610817307692308,0.8044831730769231,217.95937499999997,3.6034615384615383,3.1530288461538465,-4.304134615384616,128.46764423076922,3.1309855769230768,1.4099158653846153,0.8167788461538461,162.37560096153845,4.440625,1.3785456730769228,2.8790865384615385,140.3096153846154,1.083653846153846,-2.461778846153846,-1.6490384615384615,1
157.9216463414634,4.691158536585366,-11.27560975609756,0.6310975609756098,130.15831707317074,0.10226829268292685,-2.527487804878049,0.13148780487804876,282.97528048780487,-9.039158536585367,-2.2220365853658537,-2.114170731707317,69.91141463414634,-1.166048780487805,-0.1264390243902439,-0.192,156.7290487804878,-4.668,1.2334146341463417,0.42695121951219517,65.9979268292683,-1.5350609756097562,1.1795731707317074,0.27469512195121953,187.72935365853658,3.6469756097560975,1.8106463414634146,-4.032219512195122,160.754,2.409,0.583,-1.254,204.18773170731708,4.274439024390244,0.054124390243902434,-0.09714634146341465,187.3677804878049,3.4945365853658537,-2.906170731707317,1.0162682926829267,185.89282926829267,-1.9698536585365853,1.420878048780488,3.6006341463414633,172.43908536585369,-3.959548780487805,-3.724036585365853,-1.8988170731707317,138.20839024390241,-4.678243902439025,-1.7701463414634147,-1.085268292682927,151.74551219512193,0.8892317073170731,-1.2148658536585366,5.172573170731708,141.6375487804878,-1.0865731707317072,1.813560975609756,0.007817073170731707,121.06146341463416,1.8809756097560977,1.3580487804878048,0.8663414634146342,227.94707317073167,3.7685853658536583,3.2975121951219513,-4.501365853658537,136.1480487804878,3.3181707317073172,1.4942073170731707,0.865609756097561,171.24451219512196,4.6831707317073175,1.453841463414634,3.036341463414634,149.19053658536586,1.1522439024390245,-2.6175975609756095,-1.7534146341463415,1
162.60682198327356,4.830334528076463,-11.610131421744326,0.6498207885304659,134.8590561529271,0.10596176821983275,-2.618769414575866,0.13623655913978494,291.4888888888889,-9.311111111111112,-2.2888888888888888,-2.1777777777777776,70.98855436081243,-1.1840143369175629,-0.12838709677419355,-0.19495818399044204,158.67713261648746,-4.726021505376344,1.2487455197132618,0.432258064516129,68.31732377538829,-1.5890083632019116,1.2210274790919953,0.2843488649940263,187.9336200716846,3.650943847072879,1.8126164874551969,-4.036606929510156,164.12377538829148,2.4594982078853045,0.595221027479092,-1.2802867383512544,205.31402628434887,4.298016726403823,0.054422939068100355,-0.09768219832735962,191.09555555555556,3.5640621266427717,-2.963990442054958,1.0364874551971326,192.57108721624851,-2.040621266427718,1.4719235364396654,3.729988052568698,175.51505376344087,-4.030179211469534,-3.7904659498207884,-1.932688172043011,138.37886499402626,-4.6840143369175635,-1.7723297491039427,-1.0866069295101553,153.72989247311827,0.9008602150537635,-1.2307526881720428,5.24021505376344,142.873835125448,-1.0960573476702509,1.829390681003584,0.007885304659498209,123.23554360812426,1.9147550776583036,1.382437275985663,0.881899641577061,234.76415770609316,3.881290322580645,3.3961290322580644,-4.635985663082438,136.53978494623655,3.3277180406212667,1.4985065710872163,0.8681003584229391,174.44528076463558,4.770704898446834,1.4810155316606928,3.093094384707288,152.56468339307048,1.1783034647550776,-2.6767980884109916,-1.7930704898446834,1
153.7724193548387,4.567903225806451,-10.979354838709678,0.614516129032258,128.55782795698926,0.10101075268817206,-2.4964086021505376,0.1298709677419355,273.20031182795697,-8.726913978494624,-2.145279569892473,-2.0411397849462367,65.49496774193548,-1.0923870967741935,-0.11845161290322581,-0.17987096774193548,147.6052580645161,-4.396258064516129,1.1616129032258065,0.4020967741935484,64.99905376344087,-1.5118279569892472,1.1617204301075268,0.2705376344086021,178.41467741935483,3.466021505376344,1.7208064516129031,-3.8321505376344085,153.52556989247313,2.3006774193548387,0.5567849462365592,-1.1976129032258065,190.7943870967742,3.9940645161290322,0.050574193548387096,-0.0907741935483871,180.12199999999999,3.3593978494623653,-2.793784946236559,0.9769677419354837,179.37996774193547,-1.9008387096774193,1.3710967741935485,3.4744838709677417,165.01774193548388,-3.7891397849462365,-3.563763440860215,-1.8170967741935484,128.7722688172043,-4.3588387096774195,-1.649290322580645,-1.0111720430107527,143.8286451612903,0.8428387096774193,-1.1514838709677417,4.902709677419354,134.62611827956988,-1.032784946236559,1.723784946236559,0.007430107526881721,116.24910752688173,1.806204301075269,1.3040645161290323,0.8319032258064517,222.5264516129032,3.678967741935484,3.219096774193549,-4.394322580645161,126.57948387096774,3.084967741935484,1.3891935483870967,0.8047741935483871,163.44107526881717,4.469763440860215,1.387591397849462,2.897978494623656,144.48103225806454,1.1158709677419354,-2.5349677419354837,-1.698064516129032,1
181.48791208791206,5.391208791208791,-12.95824175824176,0.7252747252747253,151.0940293040293,0.11871794871794872,-2.9340293040293037,0.15263736263736263,319.6768253968254,-10.211526251526253,-2.5102319902319903,-2.3883760683760684,76.9235409035409,-1.2830036630036632,-0.13912087912087914,-0.21125763125763122,174.26637362637362,-5.19032967032967,1.3714285714285714,0.47472527472527476,75.5539194139194,-1.7573260073260073,1.3503663003663005,0.31446886446886446,210.44934065934066,4.088351648351648,2.0297802197802195,-4.52021978021978,180.3999267399267,2.7034065934065934,0.6542490842490843,-1.4072527472527472,225.27597069597067,4.715897435897436,0.05971428571428571,-0.10717948717948719,211.5914652014652,3.9463247863247863,-3.2818925518925517,1.1476556776556777,211.00137973137973,-2.235921855921856,1.612796092796093,4.086971916971917,194.82087912087914,-4.473479853479853,-4.207399267399267,-2.1452747252747253,152.79142857142855,-5.171868131868132,-1.956923076923077,-1.1997802197802199,169.8311111111111,0.9952136752136751,-1.3596581196581197,5.789059829059829,159.7303785103785,-1.2253724053724053,2.0452258852258853,0.008815628815628815,135.60288156288158,2.106910866910867,1.5211721611721611,0.9704029304029306,262.2571428571428,4.335824175824175,3.793846153846154,-5.178901098901099,151.47824175824178,3.691794871794872,1.6624542124542123,0.963076923076923,191.76800976800976,5.2444444444444445,1.6280830280830279,3.4002442002441997,168.86241758241758,1.3041758241758243,-2.9627472527472527,-1.9846153846153844,1
