8.981066319895968,0.26678803641092325,-0.6412483745123537,0.035890767230169055.329180754226268,0.004187256176853056,-0.10348504551365409,0.00538361508452535712.451768530559168,-0.3977503250975293,-0.09777633289986996,-0.09302990897269182.135487646293888,-0.03561768530559168,-0.0038621586475942786,-0.0058647594278283484.940663198959688,-0.1471521456436931,0.03888166449934981,0.0134590377113133942.655656697009103,-0.06176853055916775,0.04746423927178153,0.0110533159947984394.75260078023407,0.09232769830949285,0.045838751625487645,-0.102080624187256186.651365409622886,0.0996749024707412,0.0241222366710013,-0.051885565669700918.035708712613784,0.1682184655396619,0.002130039011703511,-0.00382314694408322567.3795318595578685,0.13763328998699612,-0.11446033810143043,0.0400260078023406967.036553966189857,-0.07456436931079323,0.05378413524057217,0.136293888166449946.855331599479844,-0.15741222366710012,-0.14804941482444733,-0.075487646293888174.093732119635891,-0.13856957087126137,-0.052431729518855656,-0.0321456436931079346.932431729518855,0.04062418725617685,-0.05550065019505852,0.23630689206762034.712353706111834,-0.03615084525357607,0.06033810143042913,0.00026007802340702215.0425877763329,0.07834850455136541,0.056566970091027305,0.0360858257477243211.552925877763327,0.19100130039011703,0.1671261378413524,-0.22814044213263984.8106111833550065,0.11724317295188558,0.05279583875162549,0.0305851755526657986.230949284785435,0.17040312093628088,0.052899869960988284,0.110481144343302995.886293888166451,0.04546163849154747,-0.10327698309492846,-0.06918075422626788,0
19.654153543307086,0.5838385826771653,-1.4033070866141732,0.0785433070866141714.20529527559055,0.011161417322834648,-0.27584645669291336,0.01435039370078740231.759665354330703,-1.014507874015748,-0.24938976377952757,-0.237283464566929116.171437007874015,-0.10293307086614174,-0.011161417322834646,-0.01694881889763779515.608503937007875,-0.46488188976377953,0.12283464566929135,0.042519685039370089.648188976377952,-0.22440944881889763,0.17244094488188974,0.0401574803149606313.813228346456693,0.26834645669291335,0.1332283464566929,-0.2966929133858267616.39759842519685,0.24572834645669292,0.05946850393700787,-0.1279133858267716420.273818897637796,0.42440944881889764,0.005374015748031496,-0.00964566929133858317.790826771653542,0.33181102362204723,-0.27594488188976374,0.0964960629921259720.17041338582677,-0.21374015748031497,0.15417322834645672,0.3906889763779527516.603937007874016,-0.38125984251968503,-0.3585826771653543,-0.182834645669291339.811929133858266,-0.33212598425196854,-0.12566929133858268,-0.077047244094488211.686692913385826,0.06848425196850394,-0.09356299212598425,0.3983661417322834614.623602362204725,-0.11218503937007873,0.18724409448818896,0.000807086614173228411.602716535433071,0.18027559055118111,0.13015748031496063,0.0830314960629921428.118897637795275,0.46488188976377953,0.40677165354330713,-0.55527559055118111.963622047244096,0.2915748031496063,0.1312992125984252,0.0760629921259842516.244488188976376,0.444251968503937,0.13791338582677162,0.288031496062992116.17968503937008,0.12496062992125985,-0.2838779527559055,-0.19015748031496063,0
17.372219895287955,0.5160523560209423,-1.2403769633507855,0.0694240837696335113.526753926701572,0.0106282722513089,-0.26267015706806285,0.01366492146596858527.74485863874345,-0.8862617801047121,-0.21786387434554974,-0.207287958115183257.503581151832461,-0.125151832460733,-0.013570680628272252,-0.02060732984293193712.80006282722513,-0.38123560209424084,0.10073298429319372,0.0348691099476439867.056816753926702,-0.16413612565445027,0.12612565445026178,0.029371727748691114.236303664921467,0.276565445026178,0.1373089005235602,-0.305780104712041915.761696335078533,0.23619895287958115,0.05716230366492147,-0.1229528795811518219.72004188481675,0.4128167539267016,0.0052272251308900525,-0.00938219895287958216.176157068062828,0.30169633507853405,-0.2509005235602094,0.0877382198952879521.338230366492144,-0.2261151832460733,0.16309947643979056,0.413308900523560213.616387434554975,-0.3126596858638743,-0.2940628272251309,-0.149937172774869129.065151832460732,-0.306848167539267,-0.11610471204188481,-0.0711832460732984312.686910994764398,0.0743455497382199,-0.10157068062827225,0.432460732984293212.522031413612565,-0.09606282722513089,0.1603350785340314,0.000691099476439790610.882062827225132,0.16907853403141362,0.12207329842931937,0.0778743455497382226.996439790575916,0.4463246073298429,0.39053403141361254,-0.53310994764397912.72779057591623,0.31019895287958116,0.13968586387434556,0.0809214659685863912.82219895287958,0.35065968586387436,0.10885863874345549,0.227350785340314114.843225130890053,0.11463874345549739,-0.26042931937172775,-0.1744502617801047,0
25.659250317662003,0.7622236340533672,-1.8320711562897078,0.102541296060991120.602770012706483,0.016188055908513344,-0.40007623888182975,0.02081321473951715243.834447268106736,-1.4002160101651844,-0.34420584498094026,-0.3274968233799237511.950787801778905,-0.19932655654383735,-0.021613722998729355,-0.03282083862770012621.829428208386275,-0.6501651842439644,0.17179161372299875,0.0594663278271918710.379669631512071,-0.241423125794155,0.1855146124523507,0.04320203303684879626.005844980940278,0.5052096569250317,0.25082592121982206,-0.55857687420584526.739720457433286,0.40071156289707754,0.09697585768742059,-0.2085895806861499433.464129606099114,0.7005336721728082,0.008870393900889454,-0.01592121982210927730.57891994917408,0.5703176620076239,-0.4742947903430749,0.165857687420584531.01341804320203,-0.32864040660736976,0.23705209656925033,0.600711562897077522.923888182973318,-0.5263786531130876,-0.4950698856416772,-0.252426937738246519.66716645489199,-0.6657179161372301,-0.25189326556543834,-0.154434561626429522.01509529860229,0.12900889453621348,-0.17625158831003812,0.750432020330368523.02287166454892,-0.17662007623888182,0.2947903430749682,0.001270648030495552815.17594663278272,0.23579415501905976,0.17024142312579416,0.1086022871664549139.62109275730622,0.6550444726810674,0.5731639135959339,-0.782414231257941521.99202033036849,0.5359847522236341,0.24135959339263022,0.139822109275730622.66251588310038,0.6197712833545108,0.19240152477763658,0.401829733163913623.914815756035576,0.18470139771283356,-0.41959339263024137,-0.28106734434561625,0
23.632011447260833,0.7020032706459526,-1.6873262469337693,0.0944399018806214319.08551103843009,0.014995911692559283,-0.3706132461161079,0.0192804578904333638.610956663941124,-1.2333605887162715,-0.30318887980376125,-0.28847097301717099.765494685200327,-0.16287816843826658,-0.017661488143908423,-0.02681929681112019518.504521668029433,-0.55113654946852,0.14562551103843008,0.0504088307440719510.686901062959935,-0.24856909239574815,0.191005723630417,0.04448078495502861422.233311529026984,0.4319215044971382,0.21443990188062143,-0.4775470155355683323.89860997547015,0.3581357318070319,0.0866721177432543,-0.186426819296811129.714726083401473,0.6220441537203598,0.007876533115290268,-0.0141373671300081828.012542927228132,0.5224529844644318,-0.43448896156991007,0.1519378577269010529.935682747342597,-0.3172199509403107,0.22881439084219132,0.579836467702371222.223058053965662,-0.5102861815208504,-0.47993458708094844,-0.2447097301717089416.195151267375305,-0.548192968111202,-0.20742436631234668,-0.1271708912510220720.01170891251022,0.11726901062959934,-0.16021259198691742,0.68214227309893719.25977105478332,-0.14775143090760423,0.24660670482420274,0.00106295993458708116.10708912510221,0.25026165167620606,0.18068683565004087,0.1152657399836467736.60621422730989,0.6052003270645953,0.5295502861815209,-0.722878168438266617.60879803761243,0.42915780866721176,0.19325429272281275,0.1119542109566639321.330825838103024,0.5833524121013901,0.18109566639411284,0.378217497955846321.33056418642682,0.1647424366312347,-0.3742518397383483,-0.2506950122649223,0
65.74453416149068,1.9529813664596272,-4.69416149068323,0.2627329192546583655.15095238095238,0.04333333333333334,-1.0709523809523809,0.055714285714285716106.9999585921325,-3.417929606625259,-0.8402070393374741,-0.799420289855072529.0543685300207,-0.4845962732919255,-0.05254658385093168,-0.0797929606625258856.77337474120083,-1.6909316770186336,0.44679089026915114,0.154658385093167730.01991718426501,-0.69824016563147,0.5365424430641822,0.1249482401656314766.58757763975156,1.293581780538302,0.6422360248447204,-1.430227743271221665.05196687370601,0.9748447204968943,0.23592132505175983,-0.507453416149068282.55120082815733,1.7281159420289856,0.021881987577639754,-0.0392753623188405978.327950310559,1.4608695652173913,-1.2149068322981365,0.4248447204968943783.1891718426501,-0.8815320910973085,0.6358592132505176,1.611325051759834363.30465838509317,-1.4536024844720496,-1.367142857142857,-0.697080745341614946.439068322981356,-1.5719254658385096,-0.5947826086956521,-0.3646583850931676751.424016563147,0.30134575569358174,-0.41169772256728776,1.752898550724637758.52099378881987,-0.4489440993788819,0.7493167701863354,0.00322981366459627345.280559006211185,0.7035403726708075,0.5079503105590062,0.3240372670807454100.98550724637681,1.6695652173913043,1.4608695652173913,-1.994202898550724549.23726708074535,1.2,0.5403726708074534,0.3130434782608695361.176397515527945,1.6730434782608696,0.5193788819875776,1.084720496894409760.91643892339545,0.4704761904761905,-1.0687991718426502,-0.7159420289855072,0
43.31935883014623,1.2868278965129358,-3.093003374578178,0.1731158605174353337.07907761529809,0.02913385826771654,-0.7200224971878515,0.037457817772778471.85578177727783,-2.2953093363329584,-0.5642407199100112,-0.536850393700787417.63267716535433,-0.29409448818897643,-0.03188976377952756,-0.048425196850393736.04821147356581,-1.0736557930258719,0.2836895388076491,0.0982002249718785119.755815523059617,-0.4595050618672666,0.3530933633295838,0.0822272215973003441.9330146231721,0.814623172103487,0.40444319460067485,-0.900674915635545642.083059617547804,0.6306411698537683,0.15262092238470193,-0.328278965129358854.61518560179978,1.1433070866141732,0.014476940382452192,-0.0259842519685039449.17597300337458,0.9171653543307087,-0.7627446569178852,0.26672665916760454.52163104611923,-0.5777502812148482,0.4167379077615298,1.056051743532058440.45562429696288,-0.9289426321709785,-0.873689538807649,-0.445478065241844828.77182227221597,-0.9739032620922385,-0.368503937007874,-0.2259280089988751333.39055118110236,0.19566929133858266,-0.2673228346456693,1.138188976377952735.259696287964005,-0.2704949381327334,0.4514735658042744,0.001946006749156355328.788695163104613,0.44730033745781783,0.32294713160854893,0.2060179977502812364.85961754780652,1.0723059617547805,0.9382677165354331,-1.280809898762654630.912215973003374,0.7533858267716536,0.33925759280089984,0.1965354330708661339.97491563554556,1.093228346456693,0.3393813273340832,0.708796400449943738.85804274465692,0.3001124859392576,-0.6817772778402699,-0.4566929133858268,0
58.732451790633604,1.7446831955922866,-4.193498622589532,0.234710743801652949.08539944903581,0.038567493112947666,-0.953168044077135,0.04958677685950413499.73256198347107,-3.185785123966942,-0.7831404958677687,-0.745123966942148824.67603305785124,-0.4115702479338843,-0.044628099173553724,-0.0677685950413223151.422782369146006,-1.5315702479338844,0.4046831955922865,0.140082644628099227.848181818181818,-0.6477272727272727,0.4977272727272727,0.1159090909090908958.1940909090909,1.1305234159779614,0.5612809917355371,-1.249944903581267359.38195592286501,0.8898760330578511,0.21535812672176308,-0.463223140495867773.97031680440772,1.5484848484848486,0.019607438016528925,-0.0351928374655647466.15169421487604,1.2337741046831956,-1.0260468319559228,0.3588016528925619472.31305785123966,-0.7662809917355371,0.5527272727272727,1.400661157024793358.575,-1.345,-1.265,-0.64542.27793388429752,-1.4310743801652892,-0.5414876033057852,-0.331983471074380248.39724517906336,0.28360881542699723,-0.387465564738292,1.649724517906336249.91460055096419,-0.38292011019283745,0.6391184573002754,0.002754820936639118541.44812672176309,0.6439944903581267,0.4649586776859504,0.2966115702479339484.94049586776859,1.404297520661157,1.2287603305785124,-1.677355371900826544.76793388429752,1.0910743801652893,0.49132231404958676,0.284628099173553755.733333333333334,1.5241873278236915,0.473168044077135,0.988209366391184553.8173002754821,0.41564738292011016,-0.9442424242424242,-0.6325068870523416,0
96.6104282655246,2.8698715203426124,-6.897987152034261,0.386081370449678882.03147751605997,0.06445396145610278,-1.5929336188436831,0.08286937901498928165.1562312633833,-5.275631691648822,-1.2968736616702354,-1.233918629550321340.918886509635975,-0.6824839400428266,-0.07400428265524625,-0.1123768736616702393.02991434689508,-2.7707922912205567,0.7321199143468952,0.2534261241970021746.791306209850106,-1.0883297644539613,0.8362955032119914,0.1947537473233404797.35565310492504,1.891306209850107,0.9389935760171306,-2.0910920770877945100.45169164882226,1.5053319057815846,0.3643040685224839,-0.7835974304068521121.92571734475374,2.5523768736616703,0.03231905781584583,-0.05800856531049251110.26573875802997,2.0565310492505353,-1.7102783725910062,0.5980728051391861120.0606209850107,-1.2722483940042826,0.9176873661670235,2.325503211991434595.8271948608137,-2.2003854389721624,-2.0695074946466807,-1.055203426124197272.74738758029979,-2.4624411134903643,-0.9317344753747323,-0.571241970021413276.01687366167023,0.44546038543897215,-0.6085867237687366,2.591199143468950586.90912205567452,-0.6667237687366167,1.1128051391862954,0.00479657387580299867.75683083511778,1.052762312633833,0.760085653104925,0.4848822269807281141.00128479657386,2.331134903640257,2.039743040685225,-2.784411134903640276.66920770877945,1.8685653104925053,0.8414346895074947,0.4874518201284796594.33854389721627,2.579957173447538,0.8009207708779442,1.672719486081370389.78638115631692,0.6934475374732335,-1.5753319057815844,-1.0552462526766595,0
75.86619696969696,2.2536515151515153,-5.416848484848486,0.3031818181818181664.38777272727273,0.05059090909090909,-1.2503181818181819,0.06504545454545455126.2014393939394,-4.031287878787879,-0.9909848484848486,-0.942878787878787831.667575757575754,-0.5281818181818182,-0.05727272727272728,-0.0869696969696969677.58924242424243,-2.310909090909091,0.6106060606060606,0.2113636363636363637.74975757575758,-0.878030303030303,0.6746969696969697,0.1571212121212121378.854,1.5318787878787878,0.7605454545454545,-1.6936969696969775.28424242424242,1.1281818181818182,0.27303030303030307,-0.587272727272727293.62818181818182,1.9600000000000002,0.024818181818181816,-0.0445454545454545582.63895454545454,1.5412727272727273,-1.281772727272727,0.448227272727272792.62731818181818,-0.9815454545454545,0.7080000000000001,1.794136363636363472.42,-1.662909090909091,-1.564,-0.797454545454545556.44284848484848,-1.9105454545454545,-0.722909090909091,-0.4432121212121211757.27563636363636,0.3356363636363636,-0.45854545454545453,1.952363636363636369.73069696969698,-0.5349393939393939,0.8928484848484848,0.003848484848484848550.29324242424243,0.7814242424242425,0.5641818181818182,0.35990909090909096106.63151515151513,1.762909090909091,1.5425454545454547,-2.1056969696969759.053636363636365,1.4392424242424244,0.6481060606060606,0.3754545454545454377.64166666666667,2.1233333333333335,0.6591666666666666,1.376666666666666571.1110303030303,0.5492121212121213,-1.2476666666666665,-0.8357575757575756,0
61.11893805309734,1.815575221238938,-4.3638938053097345,0.2442477876106194454.597190265486724,0.042898230088495574,-1.0601991150442478,0.055154867256637166105.34227876106193,-3.3649778761061953,-0.8271902654867256,-0.787035398230088525.432146017699115,-0.42418141592920355,-0.04599557522123894,-0.0698451327433628266.88002212389381,-1.9919469026548673,0.5263274336283186,0.1821902654867256831.175176991150444,-0.7251106194690266,0.5571902654867257,0.129756637168141663.2304092920354,1.2283628318584072,0.6098561946902654,-1.358119469026548859.65227876106194,0.8939269911504425,0.21633849557522125,-0.4653318584070796374.86703539823009,1.5672566371681416,0.019845132743362835,-0.03561946902654867468.70375,1.281371681415929,-1.0656305309734513,0.3726438053097344573.22981194690266,-0.775995575221239,0.5597345132743363,1.418418141592920561.55558628318584,-1.4134402654867257,-1.3293694690265487,-0.67782079646017749.91424778761061,-1.6895575221238939,-0.6392920353982301,-0.3919469026548672643.8266814159292,0.25682522123893803,-0.35087389380530976,1.493926991150442558.32554203539823,-0.44744469026548667,0.7468141592920354,0.003219026548672566442.380719026548675,0.6584845132743362,0.47542035398230087,0.303285398230088585.17300884955752,1.408141592920354,1.2321238938053096,-1.681946902654867247.206592920353984,1.1505088495575224,0.5180862831858407,0.3001327433628318661.691261061946896,1.68712389380531,0.5237499999999999,1.093849557522123958.37407079646018,0.4508407079646018,-1.024192477876106,-0.6860619469026548,0
90.21865470852016,2.68,-6.441614349775786,0.3605381165919282579.50183856502242,0.06246636771300449,-1.543811659192825,0.08031390134529147153.7179073243647,-4.910254110612856,-1.2070553064275038,-1.148460388639760637.936173393124065,-0.6327354260089686,-0.06860986547085203,-0.1041853512705530898.76831091180867,-2.9417040358744395,0.7772795216741405,0.2690582959641255647.9260687593423,-1.1147234678624813,0.8565769805680119,0.1994768310911808690.24883408071749,1.7532436472346784,0.8704484304932735,-1.93844544095665286.50439461883407,1.296322869955157,0.31372197309417044,-0.6747982062780268109.52278026905829,2.292735426008969,0.02903139013452915,-0.0521076233183856696.76448430493274,1.804723467862481,-1.5008669656203288,0.5248430493273541110.6555904334828,-1.1725859491778774,0.8457997010463378,2.143333333333333590.3578475336323,-2.074798206278027,-1.9513901345291478,-0.994977578475336370.5847533632287,-2.389237668161435,-0.9040358744394618,-0.554260089686098660.308340807174886,0.3534080717488789,-0.4828251121076233,2.05573991031390185.85535127055306,-0.6586397608370702,1.0993124065769804,0.00473841554559043361.441180866965624,0.9546337817638267,0.6892376681614351,0.4396860986547086129.67354260089684,2.1438565022421523,1.8758744394618834,-2.560717488789237467.73865470852019,1.6509118086696564,0.743423019431988,0.430672645739910391.5186846038864,2.5028400597907328,0.776980568011958,1.622720478325859383.68669656203289,0.6463378176382661,-1.4683109118086697,-0.9835575485799701,0
122.8549423076923,3.6494807692307694,-8.771846153846155,0.49096153846153845111.19117307692308,0.08736538461538462,-2.159173076923077,0.11232692307692307212.14224999999996,-6.776519230769232,-1.6658269230769231,-1.584961538461538350.24182692307692,-0.8379807692307694,-0.09086538461538461,-0.13798076923076924135.9640769230769,-4.049538461538461,1.07,0.3703846153846153769.12061538461539,-1.6076923076923078,1.2353846153846153,0.2876923076923077121.16901923076922,2.353923076923077,1.1686730769230769,-2.6025769230769233118.3171923076923,1.7730576923076924,0.4290961538461539,-0.9229615384615384147.6958846153846,3.091846153846154,0.039150000000000004,-0.07026923076923078130.1499230769231,2.4273846153846153,-2.018692307692308,0.7059230769230769150.55461538461537,-1.5953846153846154,1.1507692307692308,2.9161538461538465122.10634615384616,-2.8038076923076924,-2.6370384615384617,-1.344576923076923193.58474999999999,-3.167769230769231,-1.1986153846153846,-0.734865384615384678.754,0.46149999999999997,-0.6305000000000001,2.6845116.37973076923076,-0.8928076923076923,1.4901538461538462,0.00642307692307692383.22248076923077,1.2930576923076922,0.9335769230769231,0.5955576923076924183.57999999999998,3.035076923076923,2.655692307692308,-3.62523076923076990.19730769230769,2.198269230769231,0.9899038461538462,0.5734615384615385124.65326923076923,3.4090000000000003,1.0582884615384613,2.210230769230769111.78953846153847,0.8633846153846154,-1.9613846153846153,-1.3138461538461537,0
116.60357388316152,3.4637800687285223,-8.325498281786942,0.4659793814432989105.92831615120275,0.0832302405498282,-2.0569759450171823,0.10701030927835052199.4595360824742,-6.3713917525773205,-1.566237113402062,-1.490206185567010148.73728522336769,-0.8128865979381443,-0.08814432989690722,-0.1338487972508591131.98170103092784,-3.9309278350515466,1.038659793814433,0.359536082474226866.31886597938144,-1.5425257731958764,1.1853092783505155,0.27603092783505156116.29891752577319,2.259312714776632,1.121701030927835,-2.4979725085910656110.48384879725084,1.6556701030927836,0.4006872852233677,-0.8618556701030927141.5683848797251,2.963573883161512,0.037525773195876286,-0.06735395189003437121.52159793814434,2.266460481099656,-1.8848625429553265,0.6591237113402061143.61577319587627,-1.5218556701030928,1.0977319587628867,2.7817525773195877115.33840206185566,-2.64840206185567,-2.4908762886597935,-1.270051546391752888.79893470790377,-3.005773195876289,-1.137319587628866,-0.697285223367697671.613470790378,0.41965635738831614,-0.5733333333333334,2.4410996563573883111.76496563573883,-0.8574054982817869,1.43106529209622,0.00616838487972508677.555,1.205,0.87,0.555175.39725085910652,2.8997938144329893,2.537319587628866,-3.463642611683848685.3558762886598,2.080274914089347,0.9367697594501717,0.542680412371134118.46357388316152,3.239725085910653,1.0057388316151201,2.100481099656357105.20219931271478,0.812508591065292,-1.845807560137457,-1.2364261168384878,0
91.69066420664205,2.7237269372693724,-6.546715867158672,0.3664206642066420483.28216482164822,0.06543665436654367,-1.6172201722017219,0.08413284132841327158.11389913899137,-5.050676506765068,-1.2415744157441575,-1.181303813038130437.64384993849938,-0.6278597785977861,-0.06808118081180813,-0.1033825338253382598.34189421894217,-2.9290036900369,0.7739237392373924,0.267896678966789751.9969741697417,-1.209409594095941,0.9293357933579335,0.2164206642066420585.95180811808117,1.6697662976629766,0.8290036900369004,-1.84615006150061586.28191881918819,1.292988929889299,0.3129151291512915,-0.6730627306273061108.04011070110701,2.2616974169741697,0.02863837638376384,-0.0514022140221402393.06863468634687,1.7357933579335794,-1.4435424354243542,0.5047970479704796113.28905289052891,-1.2004920049200491,0.8659286592865929,2.194341943419434288.6190036900369,-2.034870848708487,-1.9138376383763835,-0.975830258302583164.85896678966789,-2.1954243542435425,-0.8307011070110701,-0.509298892988929958.71714637146371,0.34408364083640836,-0.4700861008610086,2.0015006150061582.46039360393604,-0.6325953259532595,1.0558425584255842,0.004551045510455104562.57820418204182,0.97230012300123,0.7019926199261993,0.44782287822878236137.13161131611315,2.267158671586716,1.9837638376383764,-2.707995079950799264.19114391143911,1.5644526445264453,0.7044895448954489,0.4081180811808118391.35276752767528,2.4983025830258305,0.7755719557195572,1.619778597785977880.4389667896679,0.6212546125461255,-1.4113284132841326,-0.9453874538745386,0
72.65055505819159,2.1581289167412714,-5.187251566696509,0.2903312444046553565.00299910474486,0.051074306177260526,-1.2622649955237244,0.06566696508504924123.65444046553266,-3.949928379588183,-0.9709847806624887,-0.923849597135183629.670886302596237,-0.4948791405550583,-0.05366159355416294,-0.0814861235452103877.19711727842434,-2.299230080572963,0.6075201432408237,0.2102954341987466642.41632945389436,-0.9865711727842436,0.7581020590868397,0.1765443151298119770.15025962399284,1.3627931960608775,0.6765980304386751,-1.506750223813786968.55627573858548,1.0273589973142345,0.24863025962399285,-0.534789615040286487.19790510295434,1.825389435989257,0.023113697403760073,-0.0414861235452103976.30079677708147,1.4230617726051924,-1.183464637421665,0.413849597135183588.74389435989256,-0.9403939122649956,0.6783169203222918,1.718916741271262370.68854073410922,-1.623151298119964,-1.526606982990152,-0.778388540734109253.548361683079676,-1.8125693822739481,-0.6858370635631155,-0.4204834377797672749.78732318710832,0.2917547000895255,-0.39859444941808414,1.697108325872873666.66883616830796,-0.5114503133393017,0.8536436884512085,0.00367949865711727950.96273052820054,0.7918263205013429,0.5716920322291854,0.3647000895255148109.01145926589076,1.802256042972247,1.5769740376007162,-2.152694717994628553.226499552372424,1.297224709042077,0.5841539838854073,0.338406445837063674.4740376007162,2.036705461056401,0.6322739480752013,1.320501342882721565.26538943598926,0.5040644583706357,-1.1451029543419875,-0.7670546105640107,0
178.63138592750533,5.3063539445628995,-12.754285714285714,0.7138592750533049159.94409381663112,0.12567164179104479,-3.1058848614072496,0.1615778251599147303.45298507462684,-9.693283582089553,-2.3828358208955223,-2.267164179104477773.84921108742004,-1.2317270788912582,-0.13356076759061833,-0.2028144989339019196.53735607675907,-5.853646055437101,1.5466950959488273,0.5353944562899786104.50490405117272,-2.4307036247334755,1.8678038379530917,0.4349680170575693176.4254584221748,3.427377398720682,1.7016204690831556,-3.7894243070362474170.44473347547972,2.554221748400853,0.6181449893390193,-1.329594882729211215.51878464818762,4.511641791044776,0.05712793176972281,-0.10253731343283583186.428315565032,3.477014925373134,-2.8915991471215348,1.0111727078891257218.72245202558636,-2.31773987206823,1.67181236673774,4.2365245202558635175.6001066098081,-4.032132196162046,-3.7923027718550104,-1.9336247334754797132.56840085287845,-4.487334754797442,-1.697910447761194,-1.0409808102345417119.35164179104477,0.6994029850746268,-0.9555223880597015,4.068358208955224167.28202558635397,-1.2833049040511728,2.141918976545842,0.009232409381663113126.66765458422176,1.968081023454158,1.4209381663113005,0.9064605543710023268.54285714285714,4.439744136460554,3.8847761194029853,-5.303027718550107132.9651172707889,3.2405970149253736,1.459275053304904,0.8453731343283581186.73731343283583,5.106865671641791,1.5853731343283581,3.311044776119403161.78985074626866,1.2495522388059703,-2.83865671641791,-1.9014925373134328,0
122.17070637119112,3.6291551246537397,-8.722991689750693,0.48822714681440443107.96918282548476,0.08483379501385042,-2.096606648199446,0.10907202216066482208.5639335180055,-6.662216066481996,-1.6377285318559558,-1.558227146814404450.866121883656504,-0.8483933518005541,-0.09199445983379502,-0.13969529085872576135.6754432132964,-4.040941828254848,1.0677285318559557,0.369598337950138570.99614958448754,-1.6513157894736843,1.2689058171745151,0.29549861495844876121.08257617728532,2.3522437673130194,1.1678393351800553,-2.600720221606648117.80260387811634,1.7653462603878116,0.427229916897507,-0.9189473684210525148.1489058171745,3.1013296398891965,0.039270083102493074,-0.0704847645429363128.52419667590027,2.3970637119113576,-1.9934764542936287,0.6971052631578947146.86250692520775,-1.5562603878116341,1.1225484764542937,2.8446398891966758122.34224376731302,-2.809224376731302,-2.6421329639889195,-1.347174515235457393.74476454293627,-3.1731855955678676,-1.2006648199445984,-0.736121883656509885.24831024930748,0.4995567867036011,-0.6824930747922437,2.9058725761772854114.68674515235458,-0.8798199445983378,1.4684764542936288,0.00632963988919667688.94119113573409,1.3819113573407202,0.9977285318559557,0.6364819944598338181.4382271468144,2.9996675900277006,2.6247091412742383,-3.58293628808864392.22781163434902,2.2477562326869807,1.0121883656509694,0.586371191135734127.38518005540165,3.483711911357341,1.0814819944598337,2.2586703601108034110.21074792243768,0.8511911357340721,-1.9336842105263157,-1.2952908587257617,0
86.9989315068493,2.5843561643835615,-6.21172602739726,0.347671232876712377.21133333333334,0.060666666666666674,-1.4993333333333334,0.078148.89891324200914,-4.756319634703196,-1.169214611872146,-1.11245662100456635.720529680365296,-0.5957808219178083,-0.06460273972602741,-0.0981004566210045692.77794520547945,-2.763287671232877,0.7301369863013699,0.2527397260273972551.66113242009133,-1.2015981735159817,0.9233333333333333,0.215022831050228386.64594520547945,1.6832511415525113,0.8356986301369862,-1.861059360730593684.08054794520548,1.26,0.3049315068493151,-0.6558904109589041105.47675799086758,2.2080365296803657,0.02795890410958904,-0.05018264840182648591.84578082191781,1.712986301369863,-1.4245753424657532,0.49816438356164383105.0364109589041,-1.113041095890411,0.8028493150684931,2.034493150684931588.26369863013699,-2.026712328767123,-1.9061643835616437,-0.971917808219178165.28552511415525,-2.20986301369863,-0.8361643835616439,-0.512648401826484163.512182648401826,0.37218264840182647,-0.5084748858447489,2.164949771689497679.59122374429224,-0.6105844748858447,1.01910502283105,0.00439269406392694163.74383561643835,0.9904109589041096,0.7150684931506849,0.4561643835616439132.83744292237444,2.196164383561644,1.9216438356164383,-2.623196347031963764.91375342465753,1.5820639269406394,0.7124200913242009,0.4127123287671232791.0428310502283,2.489826484018265,0.7729406392694063,1.61428310502283178.97819178082193,0.6099726027397261,-1.3856986301369862,-0.9282191780821918,0
134.29301759133963,3.989255751014885,-9.5885250338295,0.5366711772665764118.50537212449255,0.09311231393775372,-2.301204330175913,0.11971583220568335230.74560216508792,-7.370771312584575,-1.8119079837618404,-1.723951285520974256.160514208389706,-0.9366982408660353,-0.10156968876860623,-0.15423545331529093145.9662652232747,-4.34744248985115,1.1487144790257104,0.3976319350473613377.92968876860623,-1.8125845737483086,1.392828146143437,0.32435723951285517137.6836806495264,2.6747496617050066,1.327956698240866,-2.9572936400541274131.30847090663056,1.967740189445196,0.4762110960757781,-1.0243031123139377163.45565629228687,3.4217591339648172,0.043327469553450605,-0.07776725304465494144.6231799729364,2.697320703653586,-2.2431799729364004,0.784424898511502160.30956698240865,-1.6987550744248983,1.2253315290933693,3.1051014884979704137.12415426251692,-3.1486468200270634,-2.9613667117726656,-1.5099458728010828104.54550744248984,-3.5387821380243576,-1.338998646820027,-0.8209336941813261101.32189445196212,0.5937483085250338,-0.8111772665764547,3.453775372124493127.00462787550744,-0.9743166441136671,1.6261975642760487,0.00700947225981055498.6491204330176,1.532746955345061,1.1066305818673883,0.7059539918809202202.01542625169148,3.3398646820027063,2.922381596752368,-3.9892828146143438105.30267929634643,2.566414073071719,1.1556833558863329,0.6694993234100135140.8446549391069,3.8517997293640054,1.1957510148849797,2.497320703653586123.14976995940461,0.9511231393775372,-2.160703653585927,-1.447361299052774,0
87.96393889347645,2.6130222956234515,-6.280627580511974,0.351527663088356778.05490503715937,0.06132947976878614,-1.5157142857142858,0.07885218827415359151.96656482246075,-4.854310487200661,-1.1933030553261768,-1.135375722543352737.476597853014034,-0.6250701899256813,-0.06777869529314617,-0.1029232039636663793.84865400495458,-2.795177539223782,0.7385631709331131,0.255656482246077650.59124690338563,-1.176713459950454,0.9042113955408753,0.2105697770437654890.05593724194881,1.749496284062758,0.8685879438480594,-1.934302229562345385.19805119735756,1.2767464905037158,0.30898431048720065,-0.6646077621800165108.98068538398017,2.2813872832369944,0.02888769611890999,-0.0518497109826589695.54425268373245,1.781965317919075,-1.4819405450041288,0.5182246077621799106.478612716763,-1.1283236994219652,0.8138728323699422,2.062427745664739791.03067712634187,-2.090247729149463,-1.9659207266721719,-1.002386457473162767.91378199834847,-2.298827415359207,-0.8698265895953756,-0.533286540049545967.53344343517755,0.3957473162675475,-0.5406688687035508,2.30202312138728382.14146160198183,-0.6301486374896779,1.051758876961189,0.0045334434351775466.73188274153593,1.0368373245251858,0.7485879438480594,0.47754748142031384136.22411230388107,2.25215524360033,1.970635838150289,-2.69007431874483968.73294797687862,1.6751445086705203,0.7543352601156069,0.4369942196531791493.7525185796862,2.56393063583815,0.795945499587118,1.662328654004954480.65928984310487,0.6229562345169282,-1.415194054500413,-0.9479768786127167,0
157.7850353606789,4.687100424328148,-11.265855728429987,0.6305516265912305140.1245827439887,0.1100990099009901,-2.721018387553041,0.14155586987270155271.8020509193776,-8.682248939179633,-2.1342998585572843,-2.030693069306930766.09302687411598,-1.1023620933521925,-0.11953323903818953,-0.1815134370579915171.0312305516266,-5.093974540311174,1.345968882602546,0.4659123055162659590.70025459688826,-2.1096181046676095,1.621074964639321,0.3775106082036775158.80328147100425,3.085035360678925,1.5316548797736915,-3.4109193776520508151.30760961810466,2.2674398868458274,0.5487411598302688,-1.1803111739745402192.70492220650638,4.034059405940594,0.05108062234794908,-0.0916831683168317170.19526166902406,3.174257425742574,-2.63981612446959,0.923125884016973191.99189533239036,-2.0344837340876945,1.4674964639321075,3.718769448373409162.3861386138614,-3.7287128712871285,-3.5069306930693065,-1.7881188118811882118.9249929278642,-4.025516265912306,-1.523168316831683,-0.9338472418670438118.9321640735502,0.6969448373408769,-0.952164073550212,4.054059405940594147.6173125884017,-1.1324469589816124,1.89012729844413,0.008147100424328146117.37461103253183,1.823691654879774,1.3166902404526166,0.83995756718529245.40763790664778,4.057256011315418,3.55009900990099,-4.8461669024045255120.34693069306931,2.9330693069306935,1.3207920792079206,0.7651485148514852170.75205091937764,4.669702970297029,1.4496605374823195,3.0276096181046674146.5833097595474,1.1321074964639322,-2.571852899575672,-1.7227722772277227,0
97.93364315352697,2.9091784232365145,-6.992464730290457,0.391369294605809186.87199170124481,0.06825726141078839,-1.6869294605809129,0.08775933609958506168.28947717842323,-5.3757178423236525,-1.3214771784232366,-1.257327800829875442.123319502074686,-0.7025726141078839,-0.0761825726141079,-0.11568464730290456105.0087468879668,-3.1275684647302904,0.826390041493776,0.2860580912863070556.26642323651452,-1.308713692946058,1.005643153526971,0.2341908713692946101.05914522821577,1.9632531120331949,0.974713692946058,-2.170639004149377795.20323651452281,1.4266804979253112,0.34526970954356845,-0.742655601659751122.46588381742737,2.563684647302905,0.03246224066390041,-0.05826556016597511108.22961825726141,2.0185560165975103,-1.6786970954356846,0.5870290456431534119.42946058091286,-1.2655601659751037,0.9128630705394191,2.3132780082987554102.17813278008299,-2.3462157676348547,-2.2066639004149375,-1.125136929460580975.43635684647303,-2.553460580912863,-0.9661742738589212,-0.59235684647302975.41078838174273,0.44190871369294604,-0.6037344398340249,2.57053941908713792.92565975103734,-0.7128796680497925,1.1898423236514524,0.005128630705394190475.43108713692946,1.172,0.8461742738589212,0.5398008298755187154.6838174273859,2.557344398340249,2.237676348547718,-3.054605809128630376.85985062240665,1.8732116182572616,0.8435269709543568,0.4886639004149378107.80547717842323,2.948248962655602,0.9152531120331949,1.911502074688796592.13264730290457,0.7115684647302905,-1.6164979253112033,-1.0828215767634854,0
80.15629861982433,2.3810915934755332,-5.723161856963614,0.3203262233375156569.36053324968633,0.05449811794228357,-1.3468820577164364,0.07006900878293601136.68341907151816,-4.36611668757842,-1.0732936010037641,-1.021191969887076634.65326223337515,-0.5779799247176914,-0.06267252195734004,-0.0951693851944792984.04585319949811,-2.503212045169385,0.6614178168130489,0.2289523212045169247.40363864491844,-1.1025721455457966,0.8472396486825596,0.1973023839397741585.10936010037642,1.6534002509410288,0.8208782936010037,-1.82805520702634978.9376035131744,1.1829297365119196,0.28627979924717695,-0.615771643663739101.90183186951066,2.1331994981179423,0.027011292346298618,-0.0484818067754077890.71759096612296,1.6919447929736513,-1.4070765370138016,0.4920451693851944498.66222082810539,-1.045495608531995,0.7541279799247177,1.911028858218318683.34259723964868,-1.9137139272271018,-1.7998870765370139,-0.917728983688833262.375696361355075,-2.111367628607278,-0.7988958594730239,-0.489799247176913463.62040150564617,0.3728168130489335,-0.5093412797992471,2.16863864491844474.34018820577164,-0.5703011292346298,0.9518695106649937,0.0041028858218318761.985614805520704,0.9630928481806776,0.69534504391468,0.4435821831869511126.55181932245921,2.092245922208281,1.8307151819322458,-2.499071518193224663.65631116687579,1.551417816813049,0.6986198243412798,0.404717691342534587.00765370138016,2.379473023839398,0.7386825595984943,1.542735257214554577.4205269761606,0.5979422835633627,-1.3583688833124214,-0.9099121706398995,0
146.8365896589659,4.3618701870187016,-10.484136413641364,0.5867986798679867128.09750275027503,0.10064906490649066,-2.4874697469746976,0.1294059405940594251.66169416941693,-8.038899889988999,-1.976149614961496,-1.880220022002263.72334433443344,-1.062838283828383,-0.11524752475247525,-0.17500550055005498152.10564356435643,-4.53029702970297,1.1970297029702972,0.414356435643564484.92316831683169,-1.9752475247524752,1.5178217821782178,0.3534653465346535156.9652805280528,3.049328932893289,1.5139273927392738,-3.371441144114412144.85383938393838,2.170726072607261,0.5253355335533554,-1.12996699669967185.32876787678768,3.8796479647964794,0.049125412541254125,-0.08817381738173818165.66993399339935,3.0898569856985696,-2.5696259625962594,0.8985808580858086181.75088008800878,-1.925962596259626,1.389218921892189,3.5204070407040704153.36468646864685,-3.5215621562156216,-3.312101210121012,-1.688778877887789114.14243124312429,-3.8636303630363042,-1.4619141914191418,-0.8962926292629263118.22763476347635,0.6928162816281628,-0.9465236523652365,4.03004400440044134.347700770077,-1.0306490649064906,1.7202200220022001,0.007414741474147415113.98622662266227,1.7710451045104512,1.2786798679867986,0.8157095709570957233.03322332233222,3.8526732673267325,3.3710891089108914,-4.601804180418042117.87603960396041,2.872849284928493,1.2936743674367437,0.7494389438943895158.57788778877887,4.336765676567657,1.3463036303630362,2.8117491749174914141.6597579757976,1.0940814081408141,-2.4854675467546756,-1.6649064906490647,0
225.9520428336079,6.712042833607907,-16.132981878088962,0.9029654036243823195.49897858319605,0.15360790774299837,-3.7963097199341025,0.19749588138385502385.29836902800656,-12.307693574958815,-3.025518945634267,-2.87864909390444899.11675453047775,-1.6531630971993412,-0.17925864909390446,-0.27220757825370673237.57968698517297,-7.076046128500823,1.869686985172982,0.6471993410214169132.55795716639207,-3.0831960461285006,2.369192751235585,0.5517298187808896244.4528006589786,4.748929159802306,2.3577429983525535,-5.250576606260297221.73795716639205,3.3228830313014828,0.8041680395387151,-1.7297199341021414283.35250411861614,5.93166392092257,0.07510873146622735,-0.13481054365733117252.5968863261944,4.711103789126853,-3.9179077429983518,1.3700658978583193282.7987314662273,-2.9967380560131796,2.1615815485996706,5.477644151565074236.6159802306425,-5.433179571663921,-5.1100164744645795,-2.605502471169687178.71102141680396,-6.049225700164745,-2.2888962108731463,-1.4033113673805602178.64612850082372,1.0468698517298187,-1.4302306425041187,6.089538714991763209.24907742998352,-1.6052553542009884,2.6792751235584844,0.011548599670510707175.2972981878089,2.7236573311367382,1.9664579901153214,1.2544645799011533358.4444810543657,5.926062602965404,5.1853047775947285,-7.078352553542009181.96428336079077,4.434794069192751,1.997034596375618,1.1569028006589785246.4652388797364,6.740296540362438,2.092454695222405,4.3700823723229219.59683690280065,1.696013179571664,-3.8528995057660627,-2.5808896210873145,0
158.3430132450331,4.703675496688741,-11.305695364238412,0.6327814569536423134.71666666666667,0.10584988962472407,-2.6160044150110373,0.13609271523178806268.4207284768211,-8.574238410596028,-2.107748344370861,-2.00543046357615968.87772626931567,-1.1488079470198678,-0.12456953642384107,-0.18916114790286975164.82534216335543,-4.909139072847682,1.297130242825607,0.449006622516556390.83958057395144,-2.112858719646799,1.6235651214128035,0.37809050772626934173.62079470198677,3.3728918322295804,1.6745695364238409,-3.7291832229580577153.55991169977924,2.3011920529801326,0.5569094922737307,-1.1978807947019867199.0964459161148,4.167858719646799,0.052774834437086096,-0.09472406181015454178.04983443708608,3.3207505518763796,-2.761644591611479,0.965728476821192194.42483443708608,-2.0602649006622515,1.4860927152317882,3.7658940397350995164.47549668874174,-3.776688741721854,-3.55205298013245,-1.8111258278145697127.11618101545254,-4.3027814569536424,-1.6280794701986754,-0.9981677704194261125.84057395143488,0.7374282560706402,-1.0074724061810154,4.289547461368653145.99194260485652,-1.1199779249448123,1.8693156732891831,0.008057395143487859121.72539735099339,1.8912913907284767,1.365496688741722,0.8710927152317881249.37902869757173,4.122913907284768,3.607549668874172,-4.924591611479029128.32847682119206,3.127593818984548,1.4083885209713025,0.8158940397350992173.05938189845475,4.73280353200883,1.4692494481236202,3.068520971302428153.83046357615893,1.1880794701986757,-2.699006622516556,-1.8079470198675496,0
285.06113060428845,8.467914230019494,-20.35337231968811,1.1391812865497075242.95693957115012,0.19089668615984406,-4.717875243664717,0.24543859649122807484.79204678362566,-15.485847953216375,-3.8067836257309944,-3.621988304093567125.42688109161793,-2.0919883040935674,-0.2268421052631579,-0.3444639376218323304.61937621832357,-9.072748538011695,2.397270955165692,0.8298245614035088164.01294346978557,-3.814814814814815,2.9313840155945416,0.6826510721247563316.88748538011697,6.156101364522417,3.0563742690058477,-6.806393762183236276.04222222222216,4.136666666666667,1.0011111111111113,-2.153333333333333358.5038986354776,7.504873294346979,0.09502923976608187,-0.17056530214424953319.5719298245614,5.9602339181286546,-4.9567251461988295,1.7333333333333332349.8784990253411,-3.7075633528265106,2.674307992202729,6.7769395711500975295.7295321637427,-6.790545808966861,-6.386647173489279,-3.256432748538012233.70249512670563,-7.910643274853801,-2.993216374269006,-1.8351267056530216223.66183235867445,1.310662768031189,-1.790623781676413,7.623996101364522265.25085769980507,-2.0348732943469785,3.396335282651072,0.014639376218323586219.21003898635482,3.405945419103314,2.4590643274853803,1.5687134502923978449.5922027290448,7.43298245614035,6.503859649122807,-8.878284600389863231.78947368421052,5.649122807017544,2.543859649122807,1.4736842105263157313.9395711500975,8.585575048732945,2.6653021442495124,5.5664717348927875278.875477582846,2.1538401559454194,-4.8929629629629625,-3.2775828460038983,0
565.7574329501915,16.806168582375477,-40.39509578544062,2.260919540229885481.6321455938698,0.3784291187739464,-9.352605363984676,0.486551724137931963.923601532567,-30.790881226053642,-7.56911877394636,-7.201685823754789249.3886590038314,-4.1595402298850574,-0.45103448275862074,-0.684904214559387607.5954022988506,-18.09655172413793,4.781609195402299,1.6551724137931034329.41233716475097,-7.661877394636015,5.887547892720306,1.3710727969348657628.4489655172414,12.208735632183908,6.061379310344828,-13.498390804597701552.644367816092,8.281724137931034,2.0042528735632184,-4.31103448275862708.5916091954023,14.833563218390804,0.18782758620689657,-0.33712643678160925635.774367816092,11.857624521072797,-9.8611877394636,3.448390804597701695.6322222222221,-7.371417624521073,5.317088122605364,13.473984674329502587.5454022988506,-13.491226053639847,-12.688773946360152,-6.469770114942529466.8847892720306,-15.80367816091954,-5.979770114942529,-3.666168582375479441.4680459770115,2.5870114942528732,-3.534367816091954,15.048390804597702527.6030651340996,-4.0475095785440605,6.755555555555555,0.029118773946360154440.964061302682,6.851417624521073,4.946666666666666,3.1556321839080463887.6858237547891,14.675862068965516,12.841379310344827,-17.52950191570881461.1544827586207,11.239157088122605,5.061111111111111,2.931954022988506626.2329501915708,17.126130268199233,5.3166283524904205,11.103754789272031554.5241379310346,4.282758620689655,-9.729310344827585,-6.517241379310345,0
264.394165202109,7.853989455184535,-18.87775043936731,1.0565905096660808228.9096309314587,0.17985940246045695,-4.445096660808435,0.23124780316344462452.29444639718804,-14.447768014059756,-3.5515992970123027,-3.3791915641476273116.23105448154658,-1.9386115992970125,-0.2102108963093146,-0.3192091388400703288.864762741652,-8.603514938488576,2.273286467486819,0.7869068541300527158.2794727592267,-3.6814586994727594,2.828910369068541,0.6587873462214411293.921546572935,5.709947275922671,2.8348681898066785,-6.313110720562391259.1480843585237,3.8834973637961334,0.9398418277680141,-2.0215465729349735331.49500878734625,6.939472759226714,0.08786994727592266,-0.15771528998242532299.3864499121266,5.583760984182777,-4.643637961335677,1.623848857644991329.6076801405975,-3.4927592267135323,2.519367311072056,6.384305799648506274.0362917398945,-6.292425307557117,-5.918154657293497,-3.017557117750439219.92298769771529,-7.444217926186292,-2.816731107205624,-1.7269244288224956203.56583479789103,1.1928998242530755,-1.6297363796133566,6.938980667838313249.01683655536027,-1.9103339191564148,3.1884710017574687,0.01374340949033392205.8137961335677,3.19780316344464,2.308787346221441,1.472847100175747421.87627416520206,6.974762741652021,6.102917398945518,-8.330966608084358216.40745166959582,5.274235500878735,2.375043936731107,1.3758875219683655295.4398945518453,8.079648506151141,2.5082425307557115,5.238453427065026258.7562741652021,1.9984534270650265,-4.539964850615114,-3.0411247803163444,0
198.86285161290323,5.9073419354838705,-14.198812903225805,0.7947096774193548172.43225806451613,0.13548387096774195,-3.3483870967741933,0.17419354838709677341.3805032258064,-10.904812903225809,-2.6806580645161295,-2.550529032258064389.95926451612902,-1.5004258064516132,-0.1626967741935484,-0.24705806451612902218.26394838709678,-6.500748387096774,1.7176774193548388,0.5945806451612904117.78882580645161,-2.7396774193548388,2.105225806451613,0.490258064516129228.2450322580645,4.434064516129032,2.2014193548387095,-4.902451612903226196.48758709677415,2.9444903225806454,0.7125935483870968,-1.532748387096774252.68390967741936,5.289651612903226,0.06697935483870968,-0.1202193548387097226.1808,4.218425806451613,-3.50818064516129,1.2267870967741934248.38369032258063,-2.6320516129032256,1.8985290322580644,4.8110451612903224208.60258064516128,-4.789935483870967,-4.5050322580645155,-2.297032258064516167.2205935483871,-5.660283870967742,-2.1417290322580644,-1.313083870967742156.17914838709677,0.9152129032258064,-1.2503612903225807,5.323703225806452189.37277419354837,-1.4527741935483869,2.424774193548387,0.010451612903225806155.71042580645164,2.4193290322580645,1.7467354838709679,1.1142967741935483315.8077419354838,5.221161290322581,4.568516129032258,-6.236387096774194165.1926193548387,4.02603870967742,1.8129677419354837,1.0502709677419353225.3254193548387,6.162167741935484,1.9129806451612903,3.9952516129032256197.04753548387097,1.521858064516129,-3.457264516129032,-2.3158709677419353,0
98.2232621589561,2.917781731909846,-7.013143534994069,0.3925266903914590485.4968090154211,0.06717674970344009,-1.6602253855278766,0.08637010676156584167.6579774614472,-5.355545670225386,-1.3165183867141164,-1.252609727164887342.67958481613286,-0.7118505338078293,-0.07718861209964413,-0.11721233689205218104.24801897983393,-3.1049110320284696,0.8204033214709372,0.2839857651245551559.59444839857652,-1.386120996441281,1.0651245551601423,0.24804270462633451108.03839857651245,2.098837485172005,1.0420284697508897,-2.320545670225385596.29984578884934,1.4431138790035587,0.34924673784104393,-0.7512099644128114125.9244306049822,2.6360854092526695,0.03337900355871886,-0.05991103202846976111.94640569395018,2.087876631079478,-1.7363463819691578,0.607188612099644127.0800296559905,-1.3466310794780547,0.9713404507710558,2.4614650059311978102.83629893238434,-2.361328588374852,-2.2208778173190984,-1.132384341637010779.66671411625147,-2.696654804270463,-1.020355871886121,-0.625575326215895677.82697508896797,0.45606761565836296,-0.6230782918149466,2.65290035587188690.38006524317913,-0.6933511269276393,1.1572479240806641,0.004988137603795966576.63501186239621,1.19070581257414,0.8596797153024911,0.5484163701067616157.56524317912218,2.604982206405694,2.2793594306049823,-3.11150652431791279.53843416370108,1.938493475682088,0.8729240806642942,0.505693950177936110.12722419928825,3.011743772241993,0.9349644128113879,1.952669039145907496.7938315539739,0.7475682087781732,-1.698279952550415,-1.137603795966785,0
262.9195813953488,7.810186046511627,-18.772465116279072,1.0506976744186045230.52900775193797,0.18113178294573645,-4.476542635658914,0.23288372093023257447.4015503875969,-14.291472868217054,-3.5131782945736436,-3.3426356589147286113.87702325581394,-1.8993488372093026,-0.20595348837209304,-0.3127441860465116280.43883720930233,-8.352558139534883,2.2069767441860466,0.763953488372093161.15965891472868,-3.7484496124031006,2.8803875968992245,0.6707751937984496290.11348837209306,5.635968992248062,2.798139534883721,-6.231317829457365257.6142325581395,3.8605116279069764,0.9342790697674419,-2.009581395348837337.14440310077515,7.057736434108527,0.08936744186046512,-0.16040310077519382297.18474418604654,5.542697674418605,-4.609488372093023,1.6119069767441858343.78353488372096,-3.642976744186046,2.627720930232558,6.658883720930232275.7111627906977,-6.330883720930233,-5.954325581395348,-3.036213.73592248062013,-7.234790697674419,-2.737488372093023,-1.6783410852713179204.93885271317828,1.2009457364341085,-1.6407286821705427,6.985782945736434244.39581395348836,-1.8748837209302325,3.129302325581395,0.013488372093023258204.40852713178293,3.175968992248062,2.2930232558139534,1.4627906976744187425.6421705426356,7.037023255813954,6.157395348837209,-8.405333333333333211.80167441860468,5.161984496124031,2.3244961240310076,1.3466046511627907294.67720930232554,8.058790697674418,2.5017674418604647,5.2249302325581395258.18567441860466,1.9940465116279071,-4.529953488372093,-3.0344186046511625,0
360.9983823529411,10.723676470588236,-25.77529411764706,1.4426470588235292318.92722689075634,0.25058823529411767,-6.193109243697479,0.3221848739495798618.0972899159664,-19.74405462184874,-4.853550420168067,-4.6179411764705875157.44449579831934,-2.6260084033613444,-0.2847478991596639,-0.4323949579831933392.499768907563,-11.69016806722689,3.088865546218487,1.0692226890756302222.2394117647059,-5.169117647058823,3.972058823529412,0.925402.0225,7.81,3.8774999999999995,-8.635353.06932773109236,5.290966386554622,1.2804621848739495,-2.754201680672269466.42682773109243,9.764117647058825,0.12363655462184873,-0.22191176470588236410.6457983193277,7.658823529411764,-6.3693277310924366,2.2273109243697475473.8228361344537,-5.020966386554622,3.6216806722689077,9.17766806722689379.75304621848744,-8.719894957983193,-8.201239495798319,-4.181659663865546294.3057983193277,-9.962016806722689,-3.7694117647058825,-2.3110084033613445278.9734453781512,1.6347899159663866,-2.23344537815126,9.509411764705881339.1602731092437,-2.6018697478991597,4.342689075630252,0.018718487394957982281.87006302521013,4.379516806722689,3.1619747899159663,2.017121848739496584.0823529411764,9.656470588235294,8.449411764705882,-11.534117647058823291.1636134453782,7.096176470588236,3.195483193277311,1.8511764705882352408.52752100840337,11.17235294117647,3.4683403361344536,7.243613445378151354.8574789915966,2.740672268907563,-6.22609243697479,-4.170588235294117,0
188.30716842105264,5.593778947368421,-13.445136842105263,0.7525263157894737166.6451894736842,0.13093684210526318,-3.2360105263157894,0.16834736842105263321.5736105263158,-10.272115789473684,-2.5251263157894734,-2.402547368421052580.61659999999999,-1.3446,-0.1458,-0.22139999999999999201.87956842105262,-6.012757894736842,1.588736842105263,0.5499473684210526114.36319999999999,-2.66,2.044,0.476208.97475789473683,4.059705263157895,2.015557894736842,-4.488547368421052181.82892631578946,2.724821052631579,0.6594315789473685,-1.4183999999999999239.43471578947367,5.012294736842105,0.06346736842105263,-0.11391578947368422214.16235789473686,3.994273684210526,-3.3217684210526315,1.1616245.4086842105263,-2.6005263157894736,1.8757894736842105,4.7534210526315785198.16847368421054,-4.550347368421052,-4.279694736842105,-2.182136842105263150.91453684210526,-5.108336842105263,-1.9328842105263158,-1.185042105263158145.7746105263158,0.8542421052631579,-1.1670631578947368,4.969042105263158175.2774842105263,-1.3446421052631576,2.244294736842105,0.009673684210526315144.98703157894738,2.252715789473684,1.6264421052631577,1.0375578947368422305.1250526315789,5.0445473684210524,4.413978947368421,-6.0254315789473685150.33865263157895,3.664021052631579,1.6499473684210526,0.9558315789473684211.83915789473681,5.793347368421053,1.7984842105263157,3.7561263157894733183.31941052631578,1.4158315789473683,-3.2163999999999997,-2.154526315789474,0
168.58421577515864,5.00789664551224,-12.036917497733455,0.6737080689029918150.7179873073436,0.11842248413417951,-2.9267271078875794,0.15225747960108793287.3134360834089,-9.177733454215776,-2.2561015412511334,-2.14658204895738971.05825022665458,-1.1851767905711696,-0.1285131459655485,-0.19514959202175883178.21949229374434,-5.308068902991841,1.4025385312783318,0.485494106980961102.75802357207616,-2.3900725294650953,1.836582048957389,0.42769718948322755185.42140525838622,3.602139619220308,1.7883862194016318,-3.982647325475975162.1716772438803,2.430244786944696,0.5881414324569356,-1.2650589301903898214.09215775158657,4.481776971894833,0.05674977334542158,-0.10185856754306438192.93495013599275,3.5983680870353583,-2.992520398912058,1.0464641885766093220.03086128739798,-2.331604714415231,1.68181323662738,4.261867633726202178.0085222121487,-4.087434270172257,-3.844315503173164,-1.9601450589301903133.9051858567543,-4.532583862194016,-1.715031731640979,-1.0514777878513146132.8036627379873,0.7782320942883046,-1.0632184950135992,4.52689936536718155.39958295557568,-1.192148685403445,1.9897733454215774,0.0085766092475068130.6411514052584,2.0298186763372623,1.4655122393472348,0.9348957388939257275.750861287398,4.558912058023572,3.989048050770626,-5.445367180417044132.8386944696283,3.2375158658204897,1.4578875793291024,0.8445693563009973188.48794197642792,5.154741613780598,1.6002357207615594,3.3420852221214865164.26248413417952,1.2686491387126022,-2.8820398912058023,-1.9305530371713508,0
232.86276699029125,6.917330097087379,-16.626407766990294,0.9305825242718446209.85884708737865,0.16489077669902913,-4.075157766990291,0.21200242718446602395.42024271844656,-12.631019417475729,-3.105,-2.954271844660194597.65450242718447,-1.6287742718446603,-0.17661407766990292,-0.2681917475728155243.1741140776699,-7.242669902912621,1.9137135922330097,0.6624393203883495139.53381067961166,-3.2454490291262137,2.493871359223301,0.5807645631067961252.4616140776699,4.904514563106796,2.43498786407767,-5.422597087378641224.17592233009708,3.359417475728155,0.8130097087378642,-1.7487378640776696294.6171116504854,6.16747572815534,0.07809466019417476,-0.14016990291262138264.6380461165049,4.935679611650485,-4.104672330097087,1.435376213592233304.5915048543689,-3.2276699029126212,2.3281553398058255,5.899757281553398248.09071601941747,-5.6966626213592235,-5.357827669902912,-2.7318567961165052181.47305825242717,-6.142718446601942,-2.3242718446601938,-1.425184.23966019417475,1.0796480582524273,-1.4750121359223298,6.280206310679611212.19459951456312,-1.6278519417475728,2.7169902912621358,0.011711165048543689181.27540048543693,2.8165412621359223,2.033519417475728,1.297245145631068380.322572815534,6.287766990291262,5.501796116504855,-7.510388349514563181.82533980582525,4.431407766990291,1.995509708737864,1.1560194174757281257.15436893203884,7.032621359223301,2.1832038834951453,4.5596116504854365225.37388349514566,1.740631067961165,-3.954259708737864,-2.6487864077669903,0
236.96246359223298,7.039114077669902,-16.919126213592232,0.9469660194174757213.9673665048544,0.16811893203883496,-4.154939320388349,0.21615291262135922405.4490169902912,-12.951371359223302,-3.18375,-3.0291990291262136100.37216019417474,-1.6741019417475729,-0.18152912621359224,-0.27565533980582524250.39115291262135,-7.4576213592233005,1.9705097087378642,0.6820995145631069141.0208495145631,-3.2800364077669903,2.5204490291262136,0.5869538834951457263.4613470873786,5.118203883495145,2.5410800970873786,-5.658859223300971230.02861650485434,3.447123786407767,0.834235436893204,-1.794393203883495304.9733495145631,6.384271844660194,0.08083980582524271,-0.1450970873786408272.80037621359224,5.087912621359223,-4.23127427184466,1.479648058252427311.01866504854365,-3.295776699029126,2.3772815533980585,6.024247572815534255.9101941747573,-5.87621359223301,-5.526699029126213,-2.8179611650485437187.04459951456306,-6.331310679611652,-2.395631067961165,-1.46875189.38601941747572,1.1098058252427183,-1.5162135922330096,6.455631067961164217.91175970873786,-1.6717111650485437,2.7901941747572816,0.012026699029126214185.04020631067962,2.8750364077669905,2.075752427184466,1.3241868932038836388.56747572815533,6.424077669902912,5.621067961165049,-7.673203883495146188.55961165048544,4.595533980582524,2.0694174757281556,1.1988349514563106267.6537621359223,7.319757281553398,2.2723422330097085,4.745776699029126231.3009708737864,1.7864077669902914,-4.058252427184466,-2.7184466019417477,0
209.06257497414683,6.210330920372286,-14.927073422957601,0.8354705274043434188.4985935884178,0.14810754912099278,-3.660372285418821,0.19042399172699068355.39338159255425,-11.352430196483972,-2.7906928645294724,-2.655222337125129387.84489141675284,-1.465160289555326,-0.15887280248190283,-0.24125129265770423219.34225439503618,-6.5328645294725955,1.726163391933816,0.5975180972078594123.33451913133402,-2.8686659772492242,2.204343329886246,0.5133402275077559233.26904860392966,4.531664943123061,2.2498759048603927,-5.010361944157188202.05706308169596,3.0279524301964837,0.7327921406411583,-1.5761944157187175268.39433298862457,5.618531540847983,0.07114374353671149,-0.12769389865563602241.2614270941055,4.499689762150982,-3.7420889348500515,1.308583247156153272.2878076525336,-2.88535677352637,2.08124095139607,5.274053774560497224.48702171664945,-5.154674250258531,-4.84807652533609,-2.4719441571871767163.45382626680453,-5.532781799379525,-2.093485005170631,-1.2835056876938988167.26845915201656,0.9801964839710444,-1.3391416752843848,5.701706308169597189.80917269906928,-1.45612202688728,2.430361944157187,0.01047569803516029162.00734229576008,2.5171664943123067,1.8173733195449846,1.159358841778697339.753050672182,5.617042399172698,4.914912099276112,-6.709245087900724165.18415718717685,4.025832471561531,1.8128748707342295,1.0502171664943123236.05635987590486,6.455635987590487,2.004084798345398,4.185522233712512203.9945398138573,1.575511892450879,-3.5791520165460184,-2.397518097207859,0
273.4977320954907,8.124416445623343,-19.527745358090186,1.0929708222811672244.34763925729442,0.19198938992042444,-4.744880636604774,0.24684350132625996466.92344827586203,-14.915066312997348,-3.6664721485411143,-3.4884880636604776115.82844827586206,-1.931896551724138,-0.20948275862068969,-0.31810344827586207288.3157029177719,-8.587161803713528,2.268965517241379,0.7854111405835544159.2590981432361,-3.7042440318302385,2.846419098143236,0.6628647214854112310.4113925729443,6.030291777188329,2.993912466843501,-6.667294429708223264.56379310344823,3.964655172413793,0.9594827586206898,-2.0637931034482757355.3365119363395,7.438567639257295,0.0941896551724138,-0.16905835543766579314.99124668435013,5.874801061007958,-4.885676392572944,1.7084880636604771355.00961538461536,-3.7619363395225465,2.713527851458886,6.87632625994695294.11797082228117,-6.753541114058356,-6.35184350132626,-3.23868700265252217.97879310344825,-7.378408488063661,-2.7918302387267904,-1.7116578249336871221.5910344827586,1.2985278514588858,-1.7740450928381961,7.55340848806366251.11876657824934,-1.9264588859416445,3.215384615384615,0.013859416445623343213.53339522546423,3.3177453580901854,2.3953846153846152,1.5280901856763927441.9689655172414,7.306949602122016,6.393580901856764,-8.727745358090186218.8566047745358,5.333925729442971,2.401923076923077,1.3914588859416444310.154774535809,8.482068965517241,2.6331697612732095,5.499363395225464267.9410079575597,2.0693899204244035,-4.701114058355437,-3.149071618037135,0
174.42735294117645,5.181470588235294,-12.454117647058824,0.6970588235294117156.48978758169935,0.1229575163398693,-3.0388071895424837,0.15808823529411764297.59729575163396,-9.50623366013072,-2.3368545751633985,-2.223415032679738674.52303104575164,-1.24296568627451,-0.13477941176470587,-0.20466503267973857182.46477124183008,-5.434509803921569,1.4359477124183007,0.4970588235294117102.9442320261438,-2.3944035947712417,1.839910130718954,0.42847222222222214199.93632352941177,3.8841176470588232,1.9283823529411763,-4.294411764705883168.70573529411763,2.528161764705882,0.6118382352941176,-1.3160294117647058226.10419117647055,4.733235294117647,0.05993382352941176,-0.10757352941176472203.7406617647059,3.7999019607843136,-3.160122549019608,1.1050735294117646226.68570261437907,-2.402124183006536,1.7326797385620916,4.390767973856209187.01887254901962,-4.294330065359477,-4.0389052287581695,-2.059362745098039138.02856209150326,-4.672156862745099,-1.7678431372549022,-1.083856209150327143.72901960784316,0.8422549019607842,-1.1506862745098039,4.899313725490196160.16959150326795,-1.2287418300653592,2.050849673202614,0.008839869281045751138.12900326797387,2.1461601307189544,1.5495098039215685,0.9884803921568628283.5019607843137,4.687058823529412,4.101176470588236,-5.598431372549019139.02823529411765,3.388366013071896,1.5258169934640522,0.8839215686274511195.95277777777775,5.358888888888889,1.663611111111111,3.474444444444444170.99169934640523,1.3206209150326798,-3.0001062091503266,-2.009640522875817,0
181.31157248157248,5.385970515970516,-12.945651105651107,0.7245700245700245162.56553644553645,0.12773136773136773,-3.156789516789517,0.1642260442260442307.88961506961505,-9.835004095004095,-2.4176740376740375,-2.3003112203112276.5401638001638,-1.2766093366093367,-0.13842751842751844,-0.21020475020475018189.1364619164619,-5.633218673218673,1.4884520884520884,0.5152334152334153107.2113185913186,-2.493652743652744,1.9161752661752662,0.44623259623259626210.36513513513512,4.086715806715807,2.0289680589680588,-4.518411138411139176.90001638001635,2.650958230958231,0.6415561015561015,-1.3799508599508599234.3717035217035,4.906306306306306,0.06212530712530713,-0.11150696150696152213.70882063882064,3.985814905814906,-3.3147338247338243,1.1591400491400492234.40882882882883,-2.483963963963964,1.7917117117117116,4.54036036036036193.8108108108108,-4.4502866502866505,-4.185585585585585,-2.1341523341523345142.87968877968876,-4.836363636363637,-1.82997542997543,-1.121949221949222151.72288288288286,0.889099099099099,-1.2146846846846846,5.171801801801801166.79570843570843,-1.2795741195741195,2.1356920556920556,0.009205569205569206143.04165438165438,2.222489762489763,1.6046191646191645,1.0236363636363637293.0440622440622,4.844815724815724,4.239213759213759,-5.786863226863227144.9965601965602,3.533824733824734,1.5913185913185912,0.9218673218673218200.35855855855854,5.47937755937756,1.7010155610155606,3.552563472563472176.58247338247338,1.3638001638001638,-3.098198198198198,-2.0753480753480753,0
542.2532038834951,16.107961165048543,-38.716893203883494,2.166990291262136484.3728155339806,0.3805825242718447,-9.405825242718446,0.4893203883495145920.4186165048543,-29.40118932038835,-7.2275,-6.876650485436893231.18208737864074,-3.8558737864077672,-0.4181067961165049,-0.6349029126213592568.1413349514563,-16.921456310679613,4.471116504854369,1.5476941747572814318.7219902912621,-7.413228155339806,5.696480582524272,1.3265776699029126630.5330825242719,12.249223300970872,6.0814805825242715,-13.543155339805827529.934854368932,7.941407766990292,1.9218932038834953,-4.133883495145631702.4386165048543,14.7047572815534,0.18619660194174756,-0.33419902912621363641.2530582524272,11.959805825242718,-9.946165048543689,3.478106796116504700.5604611650485,-7.423640776699029,5.354757281553398,13.569441747572816580.3474514563108,-13.325946601941748,-12.533325242718446,-6.390509708737864431.71485436893204,-14.613203883495146,-5.529320388349515,-3.39457.2907766990291,2.679733009708738,-3.661043689320388,15.5877427184466503.98966019417475,-3.8663592233009703,6.453203883495145,0.027815533980582525429.9408252427185,6.680145631067962,4.823009708737864,3.0767475728155342878.6106796116504,14.525825242718446,12.710097087378642,-17.350291262135922437.4069902912621,10.660388349514562,4.8004854368932035,2.7809708737864076602.5036407766991,16.47718446601942,5.115169902912621,10.683009708737863528.8118446601942,4.084174757281554,-9.278179611650485,-6.215048543689321,0
463.6495491803278,13.772991803278689,-33.104590163934425,1.8528688524590162419.1611475409836,0.329344262295082,-8.13950819672131,0.42344262295081964789.976700819672,-25.23444672131148,-6.203217213114754,-5.902090163934425196.70793032786887,-3.280881147540984,-0.3557581967213115,-0.5402254098360656489.81543032786885,-14.588606557377048,3.8547131147540985,1.3343237704918032275.7806967213115,-6.414446721311475,4.928995901639344,1.1478483606557377535.9301434426229,10.41139344262295,5.169036885245901,-11.511188524590164453.6928278688524,6.798872950819672,1.645389344262295,-3.5391393442622947599.3738524590163,12.547213114754099,0.15887704918032786,-0.28516393442622956545.6927459016393,10.177540983606558,-8.463975409836065,2.9597950819672127603.7247336065574,-6.3975,4.614590163934427,11.693790983606556496.2070696721312,-11.393913934426228,-10.71620901639344,-5.463995901639345367.4372745901639,-12.437459016393444,-4.706065573770491,-2.885266393442623387.0664754098361,2.2682172131147538,-3.0988319672131146,13.193995901639344430.69754098360653,-3.3040983606557375,5.5147540983606556,0.023770491803278688368.38625,5.72375,4.1325,2.63625754.985655737705,12.481967213114753,10.92172131147541,-14.909016393442622370.36918032786883,9.02655737704918,4.064754098360655,2.3547540983606554517.6717213114754,14.157213114754098,4.394959016393442,9.178852459016394452.07016393442626,3.491475409836066,-7.9317213114754095,-5.31311475409836,0
268.7906141367323,7.9845886442641945,-19.191657010428738,1.0741599073001158243.01026651216688,0.19093858632676713,-4.71891077636153,0.2454924681344148463.5787949015063,-14.808227114716109,-3.6402085747392814,-3.463499420625724112.78920046349943,-1.8812050984936273,-0.20398609501738124,-0.30975666280417147279.8467902665122,-8.334924681344148,2.2023174971031287,0.7623406720741599159.02183082271148,-3.6987253765932793,2.8421784472769405,0.6618771726535341305.93179606025495,5.943267670915412,2.950706836616454,-6.571077636152955264.6776593279258,3.9663615295480876,0.9598957126303592,-2.06468134414832345.4060023174971,7.230683661645423,0.09155735805330242,-0.16433371958285053316.60950173812284,5.904982618771727,-4.910776361529548,1.717265353418308354.3282502896871,-3.7547161066048664,2.708319814600232,6.863128621089224286.83424101969877,-6.586292004634995,-6.194542294322131,-3.158482039397451210.96634994206255,-7.141042873696408,-2.7020162224797217,-1.656593279258401225.61311703360371,1.3220973348783314,-1.8062456546929315,7.690509849362688246.06567786790265,-1.887694090382387,3.150683661645423,0.01358053302433372212.44498261877175,3.3008342989571267,2.383174971031286,1.520301274623407438.42688296639625,7.248389339513325,6.342340672074159,-8.657798377752028212.64736964078793,5.182595596755504,2.3337775202780997,1.351981460023175299.5135573580533,8.191054461181924,2.5428273464658164,5.310683661645423261.56709154113554,2.020162224797219,-4.589281575898029,-3.074159907300116,0
499.1356382978723,14.827127659574469,-35.638297872340424,1.9946808510638299450.75748936170214,0.35417021276595745,-8.753063829787234,0.45536170212765953862.3729787234042,-27.547021276595746,-6.771702127659575,-6.442978723404255210.91182978723404,-3.5177872340425536,-0.3814468085106383,-0.5792340425531916527.2021276595744,-15.702127659574469,4.148936170212766,1.4361702127659575295.46723404255323,-6.872340425531915,5.280851063829787,1.2297872340425533572.0072553191488,11.112255319148934,5.5169999999999995,-12.286085106382979490.3463404255319,7.348148936170213,1.7783191489361703,-3.8250638297872337640.7981063829787,13.414382978723404,0.16985744680851064,-0.30487234042553196587.8332127659575,10.963489361702129,-9.11759574468085,3.1883617021276596657.220829787234,-6.964382978723404,5.0234893617021275,12.729978723404257532.4093617021277,-12.225191489361702,-11.498042553191489,-5.862638297872341394.3472553191489,-13.348340425531916,-5.050723404255319,-3.0965744680851066415.03744680851065,2.432127659574468,-3.3227659574468085,14.147446808510638460.68521276595743,-3.5341489361702125,5.8987234042553185,0.02542553191489362394.7054468085107,6.13268085106383,4.427744680851064,2.8245957446808516812.8097872340425,13.437957446808511,11.758212765957445,-16.050893617021277398.3277446808511,9.707957446808512,4.371595744680851,2.532510638297872557.8872340425532,15.257021276595745,4.736382978723404,9.89191489361702486.3644255319149,3.756340425531915,-8.533425531914892,-5.716170212765957,0
302.7506582278481,8.993392405063291,-21.616405063291143,1.209873417721519271.78088607594935,0.2135443037974684,-5.277594936708861,0.2745569620253165525.1781139240505,-16.775911392405064,-4.123911392405063,-3.9237215189873416128.88073417721517,-2.1495949367088607,-0.23308860759493671,-0.3539493670886076320.1340379746835,-9.534835443037974,2.519367088607595,0.8720886075949368178.11086075949365,-4.142721518987342,3.1833544303797465,0.7413291139240507350.856,6.815999999999999,3.3839999999999995,-7.5360000000000005297.82962025316453,4.463164556962026,1.0801265822784811,-2.323291139240506391.85002531645574,8.20293670886076,0.10386835443037974,-0.18643037974683543358.2371772151899,6.681367088607595,-5.556443037974684,1.9430506329113921396.10549367088606,-4.197417721518987,3.0276455696202533,7.672329113924051323.42297468354434,-7.426443037974684,-6.984721518987341,-3.5613797468354433241.58525316455695,-8.177468354430381,-3.0941772151898737,-1.8970253164556963253.66916455696202,1.486506329113924,-2.0308607594936707,8.64686075949367280.5004683544304,-2.1518607594936707,3.5915949367088604,0.015481012658227848239.14427848101266,3.7156708860759493,2.6826835443037975,1.711367088607595491.9496202531645,8.133265822784809,7.116607594936709,-9.71473417721519243.16769620253166,5.926430379746836,2.6687341772151894,1.546025316455696337.6359493670886,9.233620253164558,2.8664810126582276,5.986632911392404293.8795949367089,2.269721518987342,-5.156215189873418,-3.4539240506329114,0
619.0387692307692,18.388923076923078,-44.19938461538462,2.4738461538461536559.6679487179487,0.4397435897435898,-10.867948717948718,0.56538461538461541079.2936666666667,-34.476179487179486,-8.475051282051282,-8.063641025641026262.9800769230769,-4.386230769230769,-0.47561538461538466,-0.7222307692307691655.6772307692307,-19.528615384615385,5.16,1.7861538461538462367.07235897435896,-8.537820512820513,6.560641025641026,1.527820512820513714.4567692307693,13.879589743589744,6.890923076923077,-15.34574358974359606.293641025641,9.085692307692307,2.198820512820513,-4.729538461538461799.4063333333332,16.73466666666667,0.2119,-0.38033333333333336731.0491538461538,13.634564102564102,-11.338948717948718,3.9651538461538456811.5188974358974,-8.599435897435896,6.202871794871794,15.718641025641025662.9488461538461,-15.222641025641025,-14.317205128205126,-7.300076923076924492.05566666666664,-16.65569230769231,-6.302153846153845,-3.863820512820513517.26,3.031153846153846,-4.141153846153846,17.631923076923076574.232923076923,-4.405230769230769,7.352615384615385,0.03169230769230769490.78394871794876,7.6254871794871795,5.505538461538461,3.5121538461538461014.8266666666666,16.777846153846152,14.680615384615384,-20.04020512820513494.9418461538462,12.062615384615384,5.431923076923076,3.1467692307692308688.7071794871795,18.834666666666667,5.84702564102564,12.211487179487179601.4032820512821,4.6448205128205124,-10.551820512820512,-7.068205128205128,0
333.5763537414966,9.90908843537415,-23.81736054421769,1.333061224489796301.0878367346939,0.2365714285714286,-5.84669387755102,0.3041632653061225582.3234149659863,-18.60131972789116,-4.572639455782313,-4.350666666666666142.7902993197279,-2.381591836734694,-0.25824489795918365,-0.3921496598639455356.45080272108845,-10.616489795918367,2.805170068027211,0.9710204081632654196.9958911564626,-4.581972789115646,3.5208843537414967,0.8199319727891157387.85102040816327,7.53469387755102,3.740816326530612,-8.33061224489796328.4670476190476,4.922285714285715,1.1912380952380954,-2.562285714285714433.38292517006806,9.072380952380952,0.11487755102040817,-0.2061904761904762397.197306122449,7.408,-6.16073469387755,2.154367346938775435.61432653061223,-4.616081632653061,3.329632653061225,8.437591836734693359.100612244898,-8.245673469387755,-7.755224489795918,-3.9542448979591835270.0138911564626,-9.139755102040816,-3.4582857142857137,-2.120258503401361281.5527619047619,1.6499047619047618,-2.254095238095238,9.597333333333333311.84401360544217,-2.392312925170068,3.992925170068027,0.017210884353741497264.63665306122454,4.111755102040817,2.9686530612244897,1.893795918367347544.1676190476189,8.996571428571428,7.872,-10.745904761904761269.09338775510207,6.558285714285715,2.953265306122449,1.7108571428571429372.13673469387754,10.177142857142856,3.15938775510204,6.598367346938776323.81191836734695,2.5008979591836735,-5.68138775510204,-3.8057142857142856,0
412.94724709784407,12.266849087893863,-29.48444444444445,1.6502487562189054376.45326699834163,0.295787728026534,-7.310182421227197,0.38029850746268656721.9788225538972,-23.062371475953565,-5.669270315091211,-5.3940630182421225176.52366500829186,-2.944228855721393,-0.3192537313432836,-0.48479270315091205441.8764013266998,-13.160796019900497,3.477446102819237,1.2037313432835821245.53814262023218,-5.711028192371476,4.388474295190713,1.0219734660033168476.39029850746266,9.254726368159202,4.594776119402985,-10.232338308457711405.70208955223876,6.079701492537313,1.4713432835820897,-3.164776119402985534.1087396351576,11.180961857379767,0.1415771144278607,-0.25411276948590383490.9428358208956,9.156417910447761,-7.614776119402985,2.662835820895522542.6193366500828,-5.749983416252072,4.1475290215588725,10.510215588723051443.92661691542287,-10.193449419568822,-9.58714759535655,-4.888308457711443331.2966998341625,-11.214129353233831,-4.24318407960199,-2.601475953565506344.39177446102815,2.0181426202321724,-2.7571807628524043,11.739336650082919386.4184742951907,-2.9644112769485904,4.9477943615257045,0.02132669983416252328.4833665008292,5.1037645107794365,3.6848756218905474,2.3506965174129353676.0,11.176119402985075,9.779104477611941,-13.349253731343282329.75223880597014,8.03665008291874,3.618988391376451,2.0965174129353237463.75306799336647,12.682653399668325,3.937197346600331,8.222819237147595400.22739635157546,3.0910779436152573,-7.02212271973466,-4.703814262023217,0
182.1249754730203,5.410133146461107,-13.003728100911001,0.7278206026629291167.37932025227752,0.1315136650315347,-3.2502662929222144,0.16908899789768744316.75670637701467,-10.118248072880169,-2.487302032235459,-2.366559215136650477.1035248773651,-1.2860056061667835,-0.13944639103013315,-0.2117519271198318190.42575332866153,-5.671618780658724,1.4985984583041345,0.5187456201822004108.47845830413455,-2.52312543798178,1.938822704975473,0.45150665732305534203.76447792571827,3.9584863349684647,1.9653048353188505,-4.376636299929923179.3210511562719,2.687238962859145,0.6503363700070077,-1.3988367203924317233.84081289418359,4.8951927119831815,0.06198458304134548,-0.11125437981779959215.62965662228453,4.021639803784162,-3.344526979677645,1.1695585143658023238.81205325858443,-2.53062368605466,1.8253679046951647,4.625648213034338194.89425367904698,-4.475164681149264,-4.2089838822704975,-2.146082690960056143.0276944639103,-4.841373510861948,-1.8318710581639803,-1.1231114225648213152.4900911002102,0.8935949544498948,-1.2208269096005606,5.197953749124036166.46117028731604,-1.2770077084793272,2.1314085494043447,0.009187105816398037142.17510861948142,2.2090259285213736,1.5948983882270498,1.0174351786965663299.0819901892081,4.944639103013315,4.32655921513665,-5.9060967063770144141.6563419761738,3.452417659425368,1.5546601261387527,0.9006306937631395201.2822704975473,5.504639103013314,1.7088577435178696,3.5689418360196217175.1322775052558,1.3525998598458304,-3.0727540294323754,-2.0583041345480027,0
221.54046396023196,6.5809942004971,-15.817995028997514,0.8853355426677713203.64483015741507,0.16000828500414252,-3.954490472245236,0.20572493786246893384.16400165700077,-12.27145816072908,-3.016611433305717,-2.870173985086992394.62042253521126,-1.578169014084507,-0.1711267605633803,-0.25985915492957745229.24047224523613,-6.827671913835957,1.804059652029826,0.6244821872410936132.64994200497102,-3.0853355426677713,2.3708367854183927,0.552112676056338248.89846727423364,4.8352941176470585,2.4006213753106875,-5.346064623032311218.30192212096105,3.27139188069594,0.7917067108533554,-1.7029163214581604286.8242667771334,6.004341342170671,0.07602899751449875,-0.13646230323115163262.9426677713339,4.904059652029826,-4.0783761391880695,1.4261806130903065290.7342502071251,-3.0808285004142504,2.2222369511184756,5.631350455675228236.14411764705883,-5.422344656172328,-5.099826014913007,-2.6003065451532725174.96578293289144,-5.922452361226181,-2.24092792046396,-1.3739022369511185187.21077050538526,1.0970588235294116,-1.4987986743993371,6.381483015741508201.00531068765534,-1.5420132560066278,2.5737199668599833,0.011093620546810274172.58718309859157,2.681549295774648,1.9360563380281692,1.2350704225352114364.9973487986744,6.034399337199668,5.28009942004971,-7.207754763877382171.74505385252692,4.185733222866611,1.8848798674399334,1.091930405965203244.0350455675228,6.673835956917979,2.0718227009113503,4.326992543496271212.4816570008285,1.6410604805302402,-3.7280613090306542,-2.497265948632974,0
482.2112099644127,14.324377224199289,-34.42989323843417,1.9270462633451957444.9744306049822,0.349626334519573,-8.640765124555159,0.4495195729537366838.1342882562277,-26.77275800711744,-6.5813701067615655,-6.261886120996441205.60580071174377,-3.4292882562277582,-0.37185053380782923,-0.564661921708185500.2729181494662,-14.900071174377224,3.9370106761565835,1.3628113879003558290.34124555160145,-6.753113879003559,5.18923487544484,1.2084519572953736538.9780782918149,10.470604982206405,5.198434163701068,-11.576654804270463476.3851957295373,7.138932384341637,1.7276868327402135,-3.716156583629893622.0300355871886,13.021494661921707,0.16488256227758008,-0.29594306049822067571.263256227758,10.654448398576513,-8.860587188612099,3.0984875444839854638.3364412811387,-6.764270462633452,4.879145907473309,12.364199288256229513.0002669039146,-11.779519572953737,-11.078879003558718,-5.6489145907473315378.33909252669037,-12.806476868327403,-4.845693950177935,-2.970871886120997403.3636298932384,2.363718861209964,-3.229306049822064,13.749519572953735436.85489323843416,-3.3513345195729536,5.593594306049822,0.02411032028469751374.25117437722423,5.814875444839858,4.19829181494662,2.6782206405693953798.1583629893238,13.195729537366548,11.54626334519573,-15.761565836298933370.73530249110325,9.035480427046265,4.068772241992883,2.357081850533808532.4,14.56,4.52,9.44461.43103202846976,3.563772241992883,-8.095960854092526,-5.423131672597864,0
147.38874345549738,4.378272251308901,-10.523560209424083,0.5890052356020943134.42794764397905,0.10562303664921466,-2.610397905759162,0.13580104712041885255.19775916230364,-8.151853403141361,-2.0039162303664924,-1.906638743455497263.233303664921465,-1.0546649214659687,-0.11436125654450262,-0.17365968586387434152.04398952879583,-4.528460732984294,1.196544502617801,0.414188481675392789.49326701570679,-2.081544502617801,1.599502617801047,0.3724869109947644166.09020942408375,3.226596858638743,1.601937172774869,-3.567434554973822147.51723560209425,2.210638743455497,0.5349947643979058,-1.150743455497382191.7311884816754,4.013675392670157,0.05082251308900523,-0.09121989528795812177.55258115183247,3.311476439790576,-2.7539319371727746,0.9630314136125654193.73184293193717,-2.0529214659685864,1.4807958115183246,3.752471204188482157.69248691099477,-3.620937172774869,-3.4055654450261774,-1.736434554973822116.95419371727748,-3.9588062827225134,-1.4979267015706805,-0.9183717277486911126.9325445026178,0.7438272251308901,-1.0162146596858639,4.326769633507853135.27588481675392,-1.0377696335078532,1.7321047120418847,0.007465968586387434115.88584816753928,1.8005602094240838,1.2999895287958114,0.829303664921466243.97120418848164,4.033507853403141,3.5293193717277487,-4.817801047120419115.79522513089006,2.822136125654451,1.2708376963350785,0.7362094240837695162.9255497382199,4.455664921465968,1.3832146596858637,2.888837696335078142.8192670157068,1.1030366492146597,-2.5058115183246072,-1.6785340314136126,0
382.47562834224595,11.361671122994654,-27.30877005347594,1.5284759358288769347.6653877005348,0.273168449197861,-6.751163101604278,0.35121657754010693659.7079411764705,-21.073235294117648,-5.180294117647059,-4.928823529411765164.65808823529412,-2.7463235294117645,-0.2977941176470589,-0.4522058823529412395.5284625668449,-11.780374331550801,3.1127005347593584,1.0774732620320857230.1570320855615,-5.353275401069519,4.113569518716577,0.9579545454545454433.6839705882353,8.425080213903744,4.182874331550802,-9.315053475935828383.3244385026738,5.744358288770053,1.3901871657754012,-2.990213903743315498.2356818181818,10.43,0.13206818181818183,-0.2370454545454546461.24394385026744,8.602513368983958,-7.154131016042781,2.5017513368983955500.84628342245986,-5.307326203208556,3.828235294117647,9.701096256684492407.9889705882353,-9.368248663101603,-8.811029411764705,-4.492580213903744305.65415775401067,-10.346149732620322,-3.91475935828877,-2.4001203208556148329.9504278074866,1.9335160427807487,-2.6415641711229947,11.247072192513368352.2062299465241,-2.7019518716577537,4.509732620320856,0.019438502673796793301.92534759358296,4.691122994652407,3.3869518716577542,2.1606417112299465632.988770053476,10.465026737967914,9.156898395721925,-12.499893048128342301.8624064171123,7.35692513368984,3.312901069518716,1.9191978609625668423.67794117647054,11.586684491978609,3.596965240641711,7.512245989304812370.7371122994652,2.863315508021391,-6.5047058823529404,-4.357219251336899,0
350.4469711538461,10.410240384615385,-25.02192307692308,1.4004807692307693317.9185216346154,0.2497956730769231,-6.173521634615384,0.32116586538461533603.35046875,-19.27299278846154,-4.737752403846153,-4.507764423076923150.54604567307692,-2.5109495192307696,-0.2722716346153846,-0.41344951923076917360.36039663461537,-10.732932692307692,2.8359375,0.9816706730769231209.62004807692307,-4.875600961538462,3.746514423076923,0.8724759615384615398.6840264423077,7.745144230769231,3.8453004807692306,-8.563293269230769351.8250240384615,5.2723197115384615,1.2759495192307695,-2.7444951923076917455.8907932692308,9.543557692307692,0.12084375,-0.21689903846153846423.13882211538464,7.891826923076923,-6.563100961538462,2.295072115384615456.36867788461535,-4.836009615384615,3.488269230769231,8.839591346153846372.85240384615383,-8.561442307692307,-8.052211538461538,-4.105673076923077280.78578125,-9.504375,-3.59625,-2.20484375303.19124999999997,1.7767067307692308,-2.4273317307692306,10.334927884615384322.9624639423077,-2.477608173076923,4.135288461538462,0.01782451923076923276.6625480769231,4.298605769230769,3.103557692307692,1.9798557692307694577.665625,9.550384615384615,8.356586538461539,-11.407403846153844277.89663461538464,6.772836538461538,3.0498798076923075,1.7668269230769231387.6217548076923,10.600625,3.2908533653846153,6.872932692307692339.17701923076925,2.6195673076923076,-5.950973557692308,-3.986298076923077,0
156.65770542635659,4.653612403100775,-11.185364341085272,0.6260465116279069141.25484237726099,0.11098708010335918,-2.742966408268734,0.14269767441860465266.6784392764858,-8.518583979328167,-2.094067183462532,-1.992413436692506466.73687338501291,-1.1131007751937987,-0.12069767441860466,-0.18328165374677002159.21413436692507,-4.742015503875969,1.25297157622739,0.4337209302325581494.35280620155038,-2.1945736434108527,1.6863565891472867,0.39271317829457364178.97886821705427,3.4769819121447028,1.7262480620155038,-3.844268733850129158.07287855297156,2.3688217054263565,0.5732764857881136,-1.2330852713178295204.5373126614987,4.281757105943153,0.05421705426356589,-0.09731266149870801190.57406201550387,3.554335917312662,-2.9559018087855295,1.033658914728682202.6525994832041,-2.147452196382429,1.548981912144703,3.9252609819121447167.21875968992248,-3.8396795865633075,-3.611297157622739,-1.8413333333333333125.20464599483203,-4.2380775193798454,-1.6035968992248062,-0.9831576227390181138.44173643410852,0.8112713178294574,-1.1083565891472869,4.719085271317829145.04563824289406,-1.1127183462532297,1.8571989664082686,0.00800516795865633123.76735917312662,1.9230180878552974,1.3884031007751938,0.8857054263565892260.62480620155037,4.308837209302326,3.7702325581395346,-5.1466666666666665125.4286511627907,3.056919896640827,1.3765633074935402,0.7974573643410853173.95860465116277,4.757395348837209,1.4768837209302323,3.0844651162790697153.59400516795867,1.1862532299741602,-2.6948578811369504,-1.8051679586563307,0
1834.2404819277108,54.48722891566265,-130.96481927710843,7.330120481927711649.238373493976,1.295843373493976,-32.02584337349398,1.66608433734939763117.2629518072285,-99.57560240963858,-24.47801204819277,-23.289759036144577781.5241566265059,-13.035000000000002,-1.4134337349397592,-2.1463253012048191866.8460240963855,-55.60192771084338,14.691566265060242,5.0855421686746991102.2959036144578,-25.63855421686747,19.70120481927711,4.5879518072289162092.4544578313253,40.649638554216864,20.18168674698795,-44.943614457831331846.1179518072286,27.665240963855425,6.695240963855422,-14.4010843373493972388.6466867469876,50.003614457831326,0.6331626506024096,-1.136445783132532231.5798192771085,41.62048192771084,-34.61295180722892,12.1039156626506022369.181204819277,-25.105542168674695,18.108915662650602,45.8896385542168661956.2638554216867,-44.91975903614458,-42.247951807228915,-21.541445783132531470.5263253012047,-49.77614457831326,-18.83421686746988,-11.5471686746987961617.4130120481927,9.478072289156627,-12.948915662650602,55.133012048192771698.383373493976,-13.029156626506023,21.746506024096384,0.093734939759036141447.3818674698796,22.488493975903616,16.236506024096386,10.357771084337353048.4999999999995,50.4,44.1,-60.21466.8503614457832,35.74975903614458,16.098493975903615,9.3260240963855422035.7885542168672,55.674457831325306,17.28355421686747,36.0966265060240941794.6934939759035,13.860963855421687,-31.48849397590361,-21.092771084337347,0
376.17393902439017,11.174475609756097,-26.858829268292684,1.5032926829268294335.6085487804878,0.2636951219512195,-6.517036585365854,0.3390365853658536640.653475609756,-20.464573170731708,-5.030670731707318,-4.786463414634146161.85220731707318,-2.699524390243903,-0.292719512195122,-0.44449999999999995383.96602439024394,-11.436,3.021707317073171,1.0459756097560977225.88724390243902,-5.253963414634146,4.0372560975609755,0.9401829268292682432.68674390243905,8.405707317073169,4.173256097560976,-9.293634146341464381.2115365853658,5.712695121951219,1.3825243902439026,-2.973731707317073491.27065853658536,10.284195121951221,0.1302219512195122,-0.2337317073170732459.44835365853663,8.569024390243902,-7.126280487804877,2.492012195121951488.0388780487805,-5.171609756097562,3.7303414634146344,9.453024390243902403.45317073170736,-9.264097560975609,-8.713073170731706,-4.442634146341463306.01001219512193,-10.358195121951221,-3.919317073170731,-2.4029146341463417335.11082926829266,1.9637560975609756,-2.6828780487804877,11.422975609756097349.56412195121953,-2.6816829268292683,4.47590243902439,0.019292682926829268300.0054390243903,4.661292682926829,3.365414634146341,2.1469024390243905623.9334146341463,10.31531707317073,9.02590243902439,-12.321073170731708302.74814634146344,7.378512195121951,3.322621951219512,1.9248292682926829418.615731707317,11.448243902439025,3.553987804878048,7.422487804878048370.1436097560976,2.8587317073170735,-6.494292682926829,-4.350243902439024,0
660.488492569002,19.620212314225054,-47.158895966029725,2.639490445859873589.0154140127389,0.4628025477707007,-11.43783439490446,0.59503184713375791127.3379193205942,-36.01087048832272,-8.85231422505308,-8.422590233545648285.58447983014855,-4.763248407643313,-0.5164968152866243,-0.7843099787685774679.6989808917197,-20.244076433121016,5.3490445859872615,1.8515923566878982397.60029723991505,-9.24787685774947,7.106263269639065,1.6548832271762206762.2985987261147,14.80900212314225,7.352356687898088,-16.373333333333335666.1625902335455,9.982866242038217,2.4159447983014863,-5.19656050955414863.7249469214438,18.081104033970277,0.22894904458598725,-0.41093418259023357806.5824840764332,15.043312101910827,-12.510509554140127,4.37484076433121857.7307218683651,-9.089129511677282,6.556093418259024,16.613736730360934707.3770700636943,-16.2428025477707,-15.276687898089172,-7.789299363057325539.4401061571125,-18.259617834394906,-6.909044585987261,-4.235902335456476584.4490870488323,3.4248832271762204,-4.679065817409767,19.922208067940552616.6615074309979,-4.73072186836518,7.895881104033969,0.0340339702760085528.2302335456476,8.207303609341826,5.9256050955414015,3.7801273885350321093.28067940552,18.074904458598724,15.815541401273885,-21.589469214437365532.1266242038217,12.968874734607219,5.840021231422505,3.383184713375796740.3864118895966,20.247983014861997,6.2857749469214435,13.127813163481953649.9753715498939,5.01995753715499,-11.404033970276007,-7.639065817409765,0
379.5654002389486,11.275221027479093,-27.10097968936679,1.5168458781362006338.79745519713265,0.26620071684587815,-6.578960573476703,0.342258064516129648.6411350059738,-20.719725209080046,-5.093393070489845,-4.846140979689366163.20232974910394,-2.7220430107526887,-0.29516129032258065,-0.4482078853046595387.6142891278375,-11.544659498207885,3.05041816009558,1.0559139784946237227.39909199522103,-5.289127837514934,4.064277180406212,0.9464755077658302432.9808960573477,8.41142174432497,4.176093189964157,-9.29995221027479381.50047789725204,5.717025089605734,1.3835722819593788,-2.975985663082437491.3122461170848,10.285065710872162,0.13023297491039426,-0.2337514934289128461.4166666666667,8.605734767025089,-7.156810035842294,2.502688172043011493.1195340501792,-5.225448028673835,3.7691756272401435,9.551433691756273404.6363799283154,-9.29126642771804,-8.738626045400238,-4.455663082437276306.53347670250895,-10.375913978494625,-3.926021505376344,-2.407025089605735333.94996415770606,1.9569534050179211,-2.673584229390681,11.383405017921147351.12327359617683,-2.6936439665471923,4.495866188769415,0.019378733572281957301.8807526881721,4.690430107526882,3.386451612903226,2.160322580645161626.6621266427718,10.360430107526883,9.065376344086022,-12.374958183990442302.59741935483873,7.37483870967742,3.320967741935484,1.9238709677419354423.3120669056153,11.57667861409797,3.5938590203106324,7.505758661887694372.1610513739546,2.87431302270012,-6.52968936678614,-4.373954599761051,0
349.03513978494624,10.368301075268818,-24.921118279569896,1.3948387096774193312.10238709677424,0.24522580645161293,-6.0605806451612905,0.31529032258064515594.6373333333333,-18.994666666666667,-4.669333333333334,-4.442666666666667148.48736559139786,-2.4766129032258064,-0.2685483870967742,-0.40779569892473116353.64869892473115,-10.533032258064516,2.7831182795698926,0.9633870967741937208.17264516129032,-4.841935483870968,3.720645161290322,0.8664516129032258398.95722580645156,7.750451612903226,3.847935483870968,-8.569161290322581349.1646021505376,5.232451612903226,1.2663010752688173,-2.723741935483871448.19278494623654,9.382408602150537,0.11880322580645161,-0.21323655913978498423.41100000000006,7.896903225806452,-6.567322580645161,2.2965483870967742449.8735698924731,-4.767182795698925,3.4386236559139784,8.713784946236558371.22693548387093,-8.524118279569892,-8.01710752688172,-4.087774193548388280.1114193548387,-9.481548387096774,-3.5876129032258066,-2.1995483870967742306.0267096774193,1.7933225806451611,-2.4500322580645157,10.43158064516129322.05061290322584,-2.470612903225806,4.123612903225806,0.017774193548387097277.0297956989248,4.304311827956989,3.1076774193548387,1.9824838709677421575.2346236559139,9.510193548387097,8.32141935483871,-11.359397849462365276.03135483870966,6.7273763440860215,3.0294086021505375,1.7549677419354837387.42118279569894,10.595139784946236,3.2891505376344083,6.869376344086021342.11776344086024,2.6422795698924735,-6.002569892473118,-4.020860215053763,0
403.21481074481073,11.977741147741149,-28.789548229548235,1.6113553113553114359.514590964591,0.28247863247863253,-6.98125763125763,0.3631868131868132684.6785714285714,-21.87087912087912,-5.376373626373627,-5.115384615384615171.16399267399268,-2.854835164835165,-0.3095604395604396,-0.47007326007326408.235115995116,-12.158827838827838,3.212698412698413,1.1120879120879121238.13199023199024,-5.538766788766789,4.256105006105006,0.9911477411477412460.88227106227106,8.953455433455433,4.445201465201465,-9.89924297924298402.55413919413917,6.032527472527473,1.45992673992674,-3.14021978021978517.5598656898657,10.834529914529915,0.1371904761904762,-0.24623931623931625487.85369963369965,9.098803418803419,-7.566862026862026,2.646080586080586518.1552869352869,-5.490744810744811,3.9605372405372403,10.036361416361418428.97783882783887,-9.85019536019536,-9.264310134310133,-4.723699633699634324.641746031746,-10.98886446886447,-4.157948717948718,-2.549218559218559354.0120634920635,2.0745177045177043,-2.834200244200244,12.067264957264957372.5567277167277,-2.858070818070818,4.77030525030525,0.02056166056166056318.174358974359,4.943589743589744,3.569230769230769,2.2769230769230773662.7682539682539,10.957362637362637,9.587692307692308,-13.087960927960927321.1854945054945,7.827863247863249,3.524969474969475,2.0420512820512817446.1043956043956,12.200000000000001,3.7873626373626372,7.909890109890109393.2850793650794,3.037460317460318,-6.90031746031746,-4.622222222222222,0
